raceId;year;round;circuitId;name;date;time;day;mounth;iddate
1;2009;1;1;Australian Grand Prix;29/03/09;6:00:00;29;3;2
2;2009;2;2;Malaysian Grand Prix;05/04/09;9:00:00;5;4;4
3;2009;3;17;Chinese Grand Prix;19/04/09;7:00:00;19;4;6
4;2009;4;3;Bahrain Grand Prix;26/04/09;12:00:00;26;4;8
5;2009;5;4;Spanish Grand Prix;10/05/09;12:00:00;10;5;10
6;2009;6;6;Monaco Grand Prix;24/05/09;12:00:00;24;5;12
7;2009;7;5;Turkish Grand Prix;07/06/09;12:00:00;7;6;14
8;2009;8;9;British Grand Prix;21/06/09;12:00:00;21;6;16
9;2009;9;20;German Grand Prix;12/07/09;12:00:00;12;7;18
10;2009;10;11;Hungarian Grand Prix;26/07/09;12:00:00;26;7;20
11;2009;11;12;European Grand Prix;23/08/09;12:00:00;23;8;22
12;2009;12;13;Belgian Grand Prix;30/08/09;12:00:00;30;8;24
13;2009;13;14;Italian Grand Prix;13/09/09;12:00:00;13;9;26
14;2009;14;15;Singapore Grand Prix;27/09/09;12:00:00;27;9;28
15;2009;15;22;Japanese Grand Prix;04/10/09;5:00:00;4;10;30
16;2009;16;18;Brazilian Grand Prix;18/10/09;16:00:00;18;10;32
17;2009;17;24;Abu Dhabi Grand Prix;01/11/09;11:00:00;1;11;34
18;2008;1;1;Australian Grand Prix;16/03/08;4:30:00;16;3;36
19;2008;2;2;Malaysian Grand Prix;23/03/08;7:00:00;23;3;38
20;2008;3;3;Bahrain Grand Prix;06/04/08;11:30:00;6;4;40
21;2008;4;4;Spanish Grand Prix;27/04/08;12:00:00;27;4;42
22;2008;5;5;Turkish Grand Prix;11/05/08;12:00:00;11;5;44
23;2008;6;6;Monaco Grand Prix;25/05/08;12:00:00;25;5;46
24;2008;7;7;Canadian Grand Prix;08/06/08;17:00:00;8;6;48
25;2008;8;8;French Grand Prix;22/06/08;12:00:00;22;6;50
26;2008;9;9;British Grand Prix;06/07/08;12:00:00;6;7;52
27;2008;10;10;German Grand Prix;20/07/08;12:00:00;20;7;54
28;2008;11;11;Hungarian Grand Prix;03/08/08;12:00:00;3;8;56
29;2008;12;12;European Grand Prix;24/08/08;12:00:00;24;8;58
30;2008;13;13;Belgian Grand Prix;07/09/08;12:00:00;7;9;60
31;2008;14;14;Italian Grand Prix;14/09/08;12:00:00;14;9;62
32;2008;15;15;Singapore Grand Prix;28/09/08;12:00:00;28;9;64
33;2008;16;16;Japanese Grand Prix;12/10/08;4:30:00;12;10;66
34;2008;17;17;Chinese Grand Prix;19/10/08;7:00:00;19;10;68
35;2008;18;18;Brazilian Grand Prix;02/11/08;17:00:00;2;11;70
36;2007;1;1;Australian Grand Prix;18/03/07;3:00:00;18;3;72
37;2007;2;2;Malaysian Grand Prix;08/04/07;7:00:00;8;4;74
38;2007;3;3;Bahrain Grand Prix;15/04/07;11:30:00;15;4;76
39;2007;4;4;Spanish Grand Prix;13/05/07;12:00:00;13;5;78
40;2007;5;6;Monaco Grand Prix;27/05/07;12:00:00;27;5;80
41;2007;6;7;Canadian Grand Prix;10/06/07;17:00:00;10;6;82
42;2007;7;19;United States Grand Prix;17/06/07;17:00:00;17;6;84
43;2007;8;8;French Grand Prix;01/07/07;12:00:00;1;7;86
44;2007;9;9;British Grand Prix;08/07/07;12:00:00;8;7;88
45;2007;10;20;European Grand Prix;22/07/07;12:00:00;22;7;90
46;2007;11;11;Hungarian Grand Prix;05/08/07;12:00:00;5;8;92
47;2007;12;5;Turkish Grand Prix;26/08/07;12:00:00;26;8;94
48;2007;13;14;Italian Grand Prix;09/09/07;12:00:00;9;9;96
49;2007;14;13;Belgian Grand Prix;16/09/07;12:00:00;16;9;98
50;2007;15;16;Japanese Grand Prix;30/09/07;4:30:00;30;9;100
51;2007;16;17;Chinese Grand Prix;07/10/07;6:00:00;7;10;102
52;2007;17;18;Brazilian Grand Prix;21/10/07;16:00:00;21;10;104
53;2006;1;3;Bahrain Grand Prix;12/03/06;14:30:00;12;3;106
54;2006;2;2;Malaysian Grand Prix;19/03/06;15:00:00;19;3;108
55;2006;3;1;Australian Grand Prix;02/04/06;14:00:00;2;4;110
56;2006;4;21;San Marino Grand Prix;23/04/06;14:00:00;23;4;112
57;2006;5;20;European Grand Prix;07/05/06;14:00:00;7;5;114
58;2006;6;4;Spanish Grand Prix;14/05/06;14:00:00;14;5;116
59;2006;7;6;Monaco Grand Prix;28/05/06;14:00:00;28;5;118
60;2006;8;9;British Grand Prix;11/06/06;12:00:00;11;6;120
61;2006;9;7;Canadian Grand Prix;25/06/06;13:00:00;25;6;122
62;2006;10;19;United States Grand Prix;02/07/06;14:00:00;2;7;124
63;2006;11;8;French Grand Prix;16/07/06;14:00:00;16;7;126
64;2006;12;10;German Grand Prix;30/07/06;14:00:00;30;7;128
65;2006;13;11;Hungarian Grand Prix;06/08/06;14:00:00;6;8;130
66;2006;14;5;Turkish Grand Prix;27/08/06;15:00:00;27;8;132
67;2006;15;14;Italian Grand Prix;10/09/06;14:00:00;10;9;134
68;2006;16;17;Chinese Grand Prix;01/10/06;14:00:00;1;10;136
69;2006;17;22;Japanese Grand Prix;08/10/06;14:00:00;8;10;138
70;2006;18;18;Brazilian Grand Prix;22/10/06;14:00:00;22;10;140
71;2005;1;1;Australian Grand Prix;06/03/05;14:00:00;6;3;142
72;2005;2;2;Malaysian Grand Prix;20/03/05;15:00:00;20;3;144
73;2005;3;3;Bahrain Grand Prix;03/04/05;14:30:00;3;4;146
74;2005;4;21;San Marino Grand Prix;24/04/05;14:00:00;24;4;148
75;2005;5;4;Spanish Grand Prix;08/05/05;14:00:00;8;5;150
76;2005;6;6;Monaco Grand Prix;22/05/05;14:00:00;22;5;152
77;2005;7;20;European Grand Prix;29/05/05;14:00:00;29;5;154
78;2005;8;7;Canadian Grand Prix;12/06/05;13:00:00;12;6;156
79;2005;9;19;United States Grand Prix;19/06/05;14:00:00;19;6;158
80;2005;10;8;French Grand Prix;03/07/05;14:00:00;3;7;160
81;2005;11;9;British Grand Prix;10/07/05;14:00:00;10;7;162
82;2005;12;10;German Grand Prix;24/07/05;14:00:00;24;7;164
83;2005;13;11;Hungarian Grand Prix;31/07/05;14:00:00;31;7;166
84;2005;14;5;Turkish Grand Prix;21/08/05;15:00:00;21;8;168
85;2005;15;14;Italian Grand Prix;04/09/05;14:00:00;4;9;170
86;2005;16;13;Belgian Grand Prix;11/09/05;14:00:00;11;9;172
87;2005;17;18;Brazilian Grand Prix;25/09/05;14:00:00;25;9;174
88;2005;18;22;Japanese Grand Prix;09/10/05;14:00:00;9;10;176
89;2005;19;17;Chinese Grand Prix;16/10/05;14:00:00;16;10;178
90;2004;1;1;Australian Grand Prix;07/03/04;\N;7;3;180
91;2004;2;2;Malaysian Grand Prix;21/03/04;\N;21;3;182
92;2004;3;3;Bahrain Grand Prix;04/04/04;\N;4;4;184
93;2004;4;21;San Marino Grand Prix;25/04/04;\N;25;4;186
94;2004;5;4;Spanish Grand Prix;09/05/04;\N;9;5;188
95;2004;6;6;Monaco Grand Prix;23/05/04;\N;23;5;190
96;2004;7;20;European Grand Prix;30/05/04;\N;30;5;192
97;2004;8;7;Canadian Grand Prix;13/06/04;\N;13;6;194
98;2004;9;19;United States Grand Prix;20/06/04;\N;20;6;196
99;2004;10;8;French Grand Prix;04/07/04;\N;4;7;198
100;2004;11;9;British Grand Prix;11/07/04;\N;11;7;200
101;2004;12;10;German Grand Prix;25/07/04;\N;25;7;202
102;2004;13;11;Hungarian Grand Prix;15/08/04;\N;15;8;204
103;2004;14;13;Belgian Grand Prix;29/08/04;\N;29;8;206
104;2004;15;14;Italian Grand Prix;12/09/04;\N;12;9;208
105;2004;16;17;Chinese Grand Prix;26/09/04;\N;26;9;210
106;2004;17;22;Japanese Grand Prix;10/10/04;\N;10;10;212
107;2004;18;18;Brazilian Grand Prix;24/10/04;\N;24;10;214
108;2003;1;1;Australian Grand Prix;09/03/03;\N;9;3;216
109;2003;2;2;Malaysian Grand Prix;23/03/03;\N;23;3;218
110;2003;3;18;Brazilian Grand Prix;06/04/03;\N;6;4;220
111;2003;4;21;San Marino Grand Prix;20/04/03;\N;20;4;222
112;2003;5;4;Spanish Grand Prix;04/05/03;\N;4;5;224
113;2003;6;23;Austrian Grand Prix;18/05/03;\N;18;5;226
114;2003;7;6;Monaco Grand Prix;01/06/03;\N;1;6;228
115;2003;8;7;Canadian Grand Prix;15/06/03;\N;15;6;230
116;2003;9;20;European Grand Prix;29/06/03;\N;29;6;232
117;2003;10;8;French Grand Prix;06/07/03;\N;6;7;234
118;2003;11;9;British Grand Prix;20/07/03;\N;20;7;236
119;2003;12;10;German Grand Prix;03/08/03;\N;3;8;238
120;2003;13;11;Hungarian Grand Prix;24/08/03;\N;24;8;240
121;2003;14;14;Italian Grand Prix;14/09/03;\N;14;9;242
122;2003;15;19;United States Grand Prix;28/09/03;\N;28;9;244
123;2003;16;22;Japanese Grand Prix;12/10/03;\N;12;10;246
124;2002;1;1;Australian Grand Prix;03/03/02;\N;3;3;248
125;2002;2;2;Malaysian Grand Prix;17/03/02;\N;17;3;250
126;2002;3;18;Brazilian Grand Prix;31/03/02;\N;31;3;252
127;2002;4;21;San Marino Grand Prix;14/04/02;\N;14;4;254
128;2002;5;4;Spanish Grand Prix;28/04/02;\N;28;4;256
129;2002;6;23;Austrian Grand Prix;12/05/02;\N;12;5;258
130;2002;7;6;Monaco Grand Prix;26/05/02;\N;26;5;260
131;2002;8;7;Canadian Grand Prix;09/06/02;\N;9;6;262
132;2002;9;20;European Grand Prix;23/06/02;\N;23;6;264
133;2002;10;9;British Grand Prix;07/07/02;\N;7;7;266
134;2002;11;8;French Grand Prix;21/07/02;\N;21;7;268
135;2002;12;10;German Grand Prix;28/07/02;\N;28;7;270
136;2002;13;11;Hungarian Grand Prix;18/08/02;\N;18;8;272
137;2002;14;13;Belgian Grand Prix;01/09/02;\N;1;9;274
138;2002;15;14;Italian Grand Prix;15/09/02;\N;15;9;276
139;2002;16;19;United States Grand Prix;29/09/02;\N;29;9;278
140;2002;17;22;Japanese Grand Prix;13/10/02;\N;13;10;280
141;2001;1;1;Australian Grand Prix;04/03/01;\N;4;3;282
142;2001;2;2;Malaysian Grand Prix;18/03/01;\N;18;3;284
143;2001;3;18;Brazilian Grand Prix;01/04/01;\N;1;4;286
144;2001;4;21;San Marino Grand Prix;15/04/01;\N;15;4;288
145;2001;5;4;Spanish Grand Prix;29/04/01;\N;29;4;290
146;2001;6;23;Austrian Grand Prix;13/05/01;\N;13;5;292
147;2001;7;6;Monaco Grand Prix;27/05/01;\N;27;5;294
148;2001;8;7;Canadian Grand Prix;10/06/01;\N;10;6;296
149;2001;9;20;European Grand Prix;24/06/01;\N;24;6;298
150;2001;10;8;French Grand Prix;01/07/01;\N;1;7;300
151;2001;11;9;British Grand Prix;15/07/01;\N;15;7;302
152;2001;12;10;German Grand Prix;29/07/01;\N;29;7;304
153;2001;13;11;Hungarian Grand Prix;19/08/01;\N;19;8;306
154;2001;14;13;Belgian Grand Prix;02/09/01;\N;2;9;308
155;2001;15;14;Italian Grand Prix;16/09/01;\N;16;9;310
156;2001;16;19;United States Grand Prix;30/09/01;\N;30;9;312
157;2001;17;22;Japanese Grand Prix;14/10/01;\N;14;10;314
158;2000;1;1;Australian Grand Prix;12/03/00;\N;12;3;316
159;2000;2;18;Brazilian Grand Prix;26/03/00;\N;26;3;318
160;2000;3;21;San Marino Grand Prix;09/04/00;\N;9;4;320
161;2000;4;9;British Grand Prix;23/04/00;\N;23;4;322
162;2000;5;4;Spanish Grand Prix;07/05/00;\N;7;5;324
163;2000;6;20;European Grand Prix;21/05/00;\N;21;5;326
164;2000;7;6;Monaco Grand Prix;04/06/00;\N;4;6;328
165;2000;8;7;Canadian Grand Prix;18/06/00;\N;18;6;330
166;2000;9;8;French Grand Prix;02/07/00;\N;2;7;332
167;2000;10;23;Austrian Grand Prix;16/07/00;\N;16;7;334
168;2000;11;10;German Grand Prix;30/07/00;\N;30;7;336
169;2000;12;11;Hungarian Grand Prix;13/08/00;\N;13;8;338
170;2000;13;13;Belgian Grand Prix;27/08/00;\N;27;8;340
171;2000;14;14;Italian Grand Prix;10/09/00;\N;10;9;342
172;2000;15;19;United States Grand Prix;24/09/00;\N;24;9;344
173;2000;16;22;Japanese Grand Prix;08/10/00;\N;8;10;346
174;2000;17;2;Malaysian Grand Prix;22/10/00;\N;22;10;348
175;1999;1;1;Australian Grand Prix;07/03/99;\N;7;3;350
176;1999;2;18;Brazilian Grand Prix;11/04/99;\N;11;4;352
177;1999;3;21;San Marino Grand Prix;02/05/99;\N;2;5;354
178;1999;4;6;Monaco Grand Prix;16/05/99;\N;16;5;356
179;1999;5;4;Spanish Grand Prix;30/05/99;\N;30;5;358
180;1999;6;7;Canadian Grand Prix;13/06/99;\N;13;6;360
181;1999;7;8;French Grand Prix;27/06/99;\N;27;6;362
182;1999;8;9;British Grand Prix;11/07/99;\N;11;7;364
183;1999;9;23;Austrian Grand Prix;25/07/99;\N;25;7;366
184;1999;10;10;German Grand Prix;01/08/99;\N;1;8;368
185;1999;11;11;Hungarian Grand Prix;15/08/99;\N;15;8;370
186;1999;12;13;Belgian Grand Prix;29/08/99;\N;29;8;372
187;1999;13;14;Italian Grand Prix;12/09/99;\N;12;9;374
188;1999;14;20;European Grand Prix;26/09/99;\N;26;9;376
189;1999;15;2;Malaysian Grand Prix;17/10/99;\N;17;10;378
190;1999;16;22;Japanese Grand Prix;31/10/99;\N;31;10;380
191;1998;1;1;Australian Grand Prix;08/03/98;\N;8;3;382
192;1998;2;18;Brazilian Grand Prix;29/03/98;\N;29;3;384
193;1998;3;25;Argentine Grand Prix;12/04/98;\N;12;4;386
194;1998;4;21;San Marino Grand Prix;26/04/98;\N;26;4;388
195;1998;5;4;Spanish Grand Prix;10/05/98;\N;10;5;390
196;1998;6;6;Monaco Grand Prix;24/05/98;\N;24;5;392
197;1998;7;7;Canadian Grand Prix;07/06/98;\N;7;6;394
198;1998;8;8;French Grand Prix;28/06/98;\N;28;6;396
199;1998;9;9;British Grand Prix;12/07/98;\N;12;7;398
200;1998;10;23;Austrian Grand Prix;26/07/98;\N;26;7;400
201;1998;11;10;German Grand Prix;02/08/98;\N;2;8;402
202;1998;12;11;Hungarian Grand Prix;16/08/98;\N;16;8;404
203;1998;13;13;Belgian Grand Prix;30/08/98;\N;30;8;406
204;1998;14;14;Italian Grand Prix;13/09/98;\N;13;9;408
205;1998;15;20;Luxembourg Grand Prix;27/09/98;\N;27;9;410
206;1998;16;22;Japanese Grand Prix;01/11/98;\N;1;11;412
207;1997;1;1;Australian Grand Prix;09/03/97;\N;9;3;414
208;1997;2;18;Brazilian Grand Prix;30/03/97;\N;30;3;416
209;1997;3;25;Argentine Grand Prix;13/04/97;\N;13;4;418
210;1997;4;21;San Marino Grand Prix;27/04/97;\N;27;4;420
211;1997;5;6;Monaco Grand Prix;11/05/97;\N;11;5;422
212;1997;6;4;Spanish Grand Prix;25/05/97;\N;25;5;424
213;1997;7;7;Canadian Grand Prix;15/06/97;\N;15;6;426
214;1997;8;8;French Grand Prix;29/06/97;\N;29;6;428
215;1997;9;9;British Grand Prix;13/07/97;\N;13;7;430
216;1997;10;10;German Grand Prix;27/07/97;\N;27;7;432
217;1997;11;11;Hungarian Grand Prix;10/08/97;\N;10;8;434
218;1997;12;13;Belgian Grand Prix;24/08/97;\N;24;8;436
219;1997;13;14;Italian Grand Prix;07/09/97;\N;7;9;438
220;1997;14;23;Austrian Grand Prix;21/09/97;\N;21;9;440
221;1997;15;20;Luxembourg Grand Prix;28/09/97;\N;28;9;442
222;1997;16;22;Japanese Grand Prix;12/10/97;\N;12;10;444
223;1997;17;26;European Grand Prix;26/10/97;\N;26;10;446
224;1996;1;1;Australian Grand Prix;10/03/96;\N;10;3;448
225;1996;2;18;Brazilian Grand Prix;31/03/96;\N;31;3;450
226;1996;3;25;Argentine Grand Prix;07/04/96;\N;7;4;452
227;1996;4;20;European Grand Prix;28/04/96;\N;28;4;454
228;1996;5;21;San Marino Grand Prix;05/05/96;\N;5;5;456
229;1996;6;6;Monaco Grand Prix;19/05/96;\N;19;5;458
230;1996;7;4;Spanish Grand Prix;02/06/96;\N;2;6;460
231;1996;8;7;Canadian Grand Prix;16/06/96;\N;16;6;462
232;1996;9;8;French Grand Prix;30/06/96;\N;30;6;464
233;1996;10;9;British Grand Prix;14/07/96;\N;14;7;466
234;1996;11;10;German Grand Prix;28/07/96;\N;28;7;468
235;1996;12;11;Hungarian Grand Prix;11/08/96;\N;11;8;470
236;1996;13;13;Belgian Grand Prix;25/08/96;\N;25;8;472
237;1996;14;14;Italian Grand Prix;08/09/96;\N;8;9;474
238;1996;15;27;Portuguese Grand Prix;22/09/96;\N;22;9;476
239;1996;16;22;Japanese Grand Prix;13/10/96;\N;13;10;478
240;1995;1;18;Brazilian Grand Prix;26/03/95;\N;26;3;480
241;1995;2;25;Argentine Grand Prix;09/04/95;\N;9;4;482
242;1995;3;21;San Marino Grand Prix;30/04/95;\N;30;4;484
243;1995;4;4;Spanish Grand Prix;14/05/95;\N;14;5;486
244;1995;5;6;Monaco Grand Prix;28/05/95;\N;28;5;488
245;1995;6;7;Canadian Grand Prix;11/06/95;\N;11;6;490
246;1995;7;8;French Grand Prix;02/07/95;\N;2;7;492
247;1995;8;9;British Grand Prix;16/07/95;\N;16;7;494
248;1995;9;10;German Grand Prix;30/07/95;\N;30;7;496
249;1995;10;11;Hungarian Grand Prix;13/08/95;\N;13;8;498
250;1995;11;13;Belgian Grand Prix;27/08/95;\N;27;8;500
251;1995;12;14;Italian Grand Prix;10/09/95;\N;10;9;502
252;1995;13;27;Portuguese Grand Prix;24/09/95;\N;24;9;504
253;1995;14;20;European Grand Prix;01/10/95;\N;1;10;506
254;1995;15;28;Pacific Grand Prix;22/10/95;\N;22;10;508
255;1995;16;22;Japanese Grand Prix;29/10/95;\N;29;10;510
256;1995;17;29;Australian Grand Prix;12/11/95;\N;12;11;512
257;1994;1;18;Brazilian Grand Prix;27/03/94;\N;27;3;514
258;1994;2;28;Pacific Grand Prix;17/04/94;\N;17;4;516
259;1994;3;21;San Marino Grand Prix;01/05/94;\N;1;5;518
260;1994;4;6;Monaco Grand Prix;15/05/94;\N;15;5;520
261;1994;5;4;Spanish Grand Prix;29/05/94;\N;29;5;522
262;1994;6;7;Canadian Grand Prix;12/06/94;\N;12;6;524
263;1994;7;8;French Grand Prix;03/07/94;\N;3;7;526
264;1994;8;9;British Grand Prix;10/07/94;\N;10;7;528
265;1994;9;10;German Grand Prix;31/07/94;\N;31;7;530
266;1994;10;11;Hungarian Grand Prix;14/08/94;\N;14;8;532
267;1994;11;13;Belgian Grand Prix;28/08/94;\N;28;8;534
268;1994;12;14;Italian Grand Prix;11/09/94;\N;11;9;536
269;1994;13;27;Portuguese Grand Prix;25/09/94;\N;25;9;538
270;1994;14;26;European Grand Prix;16/10/94;\N;16;10;540
271;1994;15;22;Japanese Grand Prix;06/11/94;\N;6;11;542
272;1994;16;29;Australian Grand Prix;13/11/94;\N;13;11;544
273;1993;1;30;South African Grand Prix;14/03/93;\N;14;3;546
274;1993;2;18;Brazilian Grand Prix;28/03/93;\N;28;3;548
275;1993;3;31;European Grand Prix;11/04/93;\N;11;4;550
276;1993;4;21;San Marino Grand Prix;25/04/93;\N;25;4;552
277;1993;5;4;Spanish Grand Prix;09/05/93;\N;9;5;554
278;1993;6;6;Monaco Grand Prix;23/05/93;\N;23;5;556
279;1993;7;7;Canadian Grand Prix;13/06/93;\N;13;6;558
280;1993;8;8;French Grand Prix;04/07/93;\N;4;7;560
281;1993;9;9;British Grand Prix;11/07/93;\N;11;7;562
282;1993;10;10;German Grand Prix;25/07/93;\N;25;7;564
283;1993;11;11;Hungarian Grand Prix;15/08/93;\N;15;8;566
284;1993;12;13;Belgian Grand Prix;29/08/93;\N;29;8;568
285;1993;13;14;Italian Grand Prix;12/09/93;\N;12;9;570
286;1993;14;27;Portuguese Grand Prix;26/09/93;\N;26;9;572
287;1993;15;22;Japanese Grand Prix;24/10/93;\N;24;10;574
288;1993;16;29;Australian Grand Prix;07/11/93;\N;7;11;576
289;1992;1;30;South African Grand Prix;01/03/92;\N;1;3;578
290;1992;2;32;Mexican Grand Prix;22/03/92;\N;22;3;580
291;1992;3;18;Brazilian Grand Prix;05/04/92;\N;5;4;582
292;1992;4;4;Spanish Grand Prix;03/05/92;\N;3;5;584
293;1992;5;21;San Marino Grand Prix;17/05/92;\N;17;5;586
294;1992;6;6;Monaco Grand Prix;31/05/92;\N;31;5;588
295;1992;7;7;Canadian Grand Prix;14/06/92;\N;14;6;590
296;1992;8;8;French Grand Prix;05/07/92;\N;5;7;592
297;1992;9;9;British Grand Prix;12/07/92;\N;12;7;594
298;1992;10;10;German Grand Prix;26/07/92;\N;26;7;596
299;1992;11;11;Hungarian Grand Prix;16/08/92;\N;16;8;598
300;1992;12;13;Belgian Grand Prix;30/08/92;\N;30;8;600
301;1992;13;14;Italian Grand Prix;13/09/92;\N;13;9;602
302;1992;14;27;Portuguese Grand Prix;27/09/92;\N;27;9;604
303;1992;15;22;Japanese Grand Prix;25/10/92;\N;25;10;606
304;1992;16;29;Australian Grand Prix;08/11/92;\N;8;11;608
305;1991;1;33;United States Grand Prix;10/03/91;\N;10;3;610
306;1991;2;18;Brazilian Grand Prix;24/03/91;\N;24;3;612
307;1991;3;21;San Marino Grand Prix;28/04/91;\N;28;4;614
308;1991;4;6;Monaco Grand Prix;12/05/91;\N;12;5;616
309;1991;5;7;Canadian Grand Prix;02/06/91;\N;2;6;618
310;1991;6;32;Mexican Grand Prix;16/06/91;\N;16;6;620
311;1991;7;8;French Grand Prix;07/07/91;\N;7;7;622
312;1991;8;9;British Grand Prix;14/07/91;\N;14;7;624
313;1991;9;10;German Grand Prix;28/07/91;\N;28;7;626
314;1991;10;11;Hungarian Grand Prix;11/08/91;\N;11;8;628
315;1991;11;13;Belgian Grand Prix;25/08/91;\N;25;8;630
316;1991;12;14;Italian Grand Prix;08/09/91;\N;8;9;632
317;1991;13;27;Portuguese Grand Prix;22/09/91;\N;22;9;634
318;1991;14;4;Spanish Grand Prix;29/09/91;\N;29;9;636
319;1991;15;22;Japanese Grand Prix;20/10/91;\N;20;10;638
320;1991;16;29;Australian Grand Prix;03/11/91;\N;3;11;640
321;1990;1;33;United States Grand Prix;11/03/90;\N;11;3;642
322;1990;2;18;Brazilian Grand Prix;25/03/90;\N;25;3;644
323;1990;3;21;San Marino Grand Prix;13/05/90;\N;13;5;646
324;1990;4;6;Monaco Grand Prix;27/05/90;\N;27;5;648
325;1990;5;7;Canadian Grand Prix;10/06/90;\N;10;6;650
326;1990;6;32;Mexican Grand Prix;24/06/90;\N;24;6;652
327;1990;7;34;French Grand Prix;08/07/90;\N;8;7;654
328;1990;8;9;British Grand Prix;15/07/90;\N;15;7;656
329;1990;9;10;German Grand Prix;29/07/90;\N;29;7;658
330;1990;10;11;Hungarian Grand Prix;12/08/90;\N;12;8;660
331;1990;11;13;Belgian Grand Prix;26/08/90;\N;26;8;662
332;1990;12;14;Italian Grand Prix;09/09/90;\N;9;9;664
333;1990;13;27;Portuguese Grand Prix;23/09/90;\N;23;9;666
334;1990;14;26;Spanish Grand Prix;30/09/90;\N;30;9;668
335;1990;15;22;Japanese Grand Prix;21/10/90;\N;21;10;670
336;1990;16;29;Australian Grand Prix;04/11/90;\N;4;11;672
337;2010;1;3;Bahrain Grand Prix;14/03/10;12:00:00;14;3;674
338;2010;2;1;Australian Grand Prix;28/03/10;6:00:00;28;3;676
339;2010;3;2;Malaysian Grand Prix;04/04/10;8:00:00;4;4;678
340;2010;4;17;Chinese Grand Prix;18/04/10;6:00:00;18;4;680
341;2010;5;4;Spanish Grand Prix;09/05/10;12:00:00;9;5;682
342;2010;6;6;Monaco Grand Prix;16/05/10;12:00:00;16;5;684
343;2010;7;5;Turkish Grand Prix;30/05/10;11:00:00;30;5;686
344;2010;8;7;Canadian Grand Prix;13/06/10;16:00:00;13;6;688
345;2010;9;12;European Grand Prix;27/06/10;12:00:00;27;6;690
346;2010;10;9;British Grand Prix;11/07/10;12:00:00;11;7;692
347;2010;11;10;German Grand Prix;25/07/10;12:00:00;25;7;694
348;2010;12;11;Hungarian Grand Prix;01/08/10;12:00:00;1;8;696
349;2010;13;13;Belgian Grand Prix;29/08/10;12:00:00;29;8;698
350;2010;14;14;Italian Grand Prix;12/09/10;12:00:00;12;9;700
351;2010;15;15;Singapore Grand Prix;26/09/10;12:00:00;26;9;702
352;2010;16;22;Japanese Grand Prix;10/10/10;6:00:00;10;10;704
353;2010;17;35;Korean Grand Prix;24/10/10;5:00:00;24;10;706
354;2010;18;18;Brazilian Grand Prix;07/11/10;16:00:00;7;11;708
355;2010;19;24;Abu Dhabi Grand Prix;14/11/10;13:00:00;14;11;710
356;1989;1;36;Brazilian Grand Prix;26/03/89;\N;26;3;712
357;1989;2;21;San Marino Grand Prix;23/04/89;\N;23;4;714
358;1989;3;6;Monaco Grand Prix;07/05/89;\N;7;5;716
359;1989;4;32;Mexican Grand Prix;28/05/89;\N;28;5;718
360;1989;5;33;United States Grand Prix;04/06/89;\N;4;6;720
361;1989;6;7;Canadian Grand Prix;18/06/89;\N;18;6;722
362;1989;7;34;French Grand Prix;09/07/89;\N;9;7;724
363;1989;8;9;British Grand Prix;16/07/89;\N;16;7;726
364;1989;9;10;German Grand Prix;30/07/89;\N;30;7;728
365;1989;10;11;Hungarian Grand Prix;13/08/89;\N;13;8;730
366;1989;11;13;Belgian Grand Prix;27/08/89;\N;27;8;732
367;1989;12;14;Italian Grand Prix;10/09/89;\N;10;9;734
368;1989;13;27;Portuguese Grand Prix;24/09/89;\N;24;9;736
369;1989;14;26;Spanish Grand Prix;01/10/89;\N;1;10;738
370;1989;15;22;Japanese Grand Prix;22/10/89;\N;22;10;740
371;1989;16;29;Australian Grand Prix;05/11/89;\N;5;11;742
372;1988;1;36;Brazilian Grand Prix;03/04/88;\N;3;4;744
373;1988;2;21;San Marino Grand Prix;01/05/88;\N;1;5;746
374;1988;3;6;Monaco Grand Prix;15/05/88;\N;15;5;748
375;1988;4;32;Mexican Grand Prix;29/05/88;\N;29;5;750
376;1988;5;7;Canadian Grand Prix;12/06/88;\N;12;6;752
377;1988;6;37;Detroit Grand Prix;19/06/88;\N;19;6;754
378;1988;7;34;French Grand Prix;03/07/88;\N;3;7;756
379;1988;8;9;British Grand Prix;10/07/88;\N;10;7;758
380;1988;9;10;German Grand Prix;24/07/88;\N;24;7;760
381;1988;10;11;Hungarian Grand Prix;07/08/88;\N;7;8;762
382;1988;11;13;Belgian Grand Prix;28/08/88;\N;28;8;764
383;1988;12;14;Italian Grand Prix;11/09/88;\N;11;9;766
384;1988;13;27;Portuguese Grand Prix;25/09/88;\N;25;9;768
385;1988;14;26;Spanish Grand Prix;02/10/88;\N;2;10;770
386;1988;15;22;Japanese Grand Prix;30/10/88;\N;30;10;772
387;1988;16;29;Australian Grand Prix;13/11/88;\N;13;11;774
388;1987;1;36;Brazilian Grand Prix;12/04/87;\N;12;4;776
389;1987;2;21;San Marino Grand Prix;03/05/87;\N;3;5;778
390;1987;3;13;Belgian Grand Prix;17/05/87;\N;17;5;780
391;1987;4;6;Monaco Grand Prix;31/05/87;\N;31;5;782
392;1987;5;37;Detroit Grand Prix;21/06/87;\N;21;6;784
393;1987;6;34;French Grand Prix;05/07/87;\N;5;7;786
394;1987;7;9;British Grand Prix;12/07/87;\N;12;7;788
395;1987;8;10;German Grand Prix;26/07/87;\N;26;7;790
396;1987;9;11;Hungarian Grand Prix;09/08/87;\N;9;8;792
397;1987;10;23;Austrian Grand Prix;16/08/87;\N;16;8;794
398;1987;11;14;Italian Grand Prix;06/09/87;\N;6;9;796
399;1987;12;27;Portuguese Grand Prix;20/09/87;\N;20;9;798
400;1987;13;26;Spanish Grand Prix;27/09/87;\N;27;9;800
401;1987;14;32;Mexican Grand Prix;18/10/87;\N;18;10;802
402;1987;15;22;Japanese Grand Prix;01/11/87;\N;1;11;804
403;1987;16;29;Australian Grand Prix;15/11/87;\N;15;11;806
404;1986;1;36;Brazilian Grand Prix;23/03/86;\N;23;3;808
405;1986;2;26;Spanish Grand Prix;13/04/86;\N;13;4;810
406;1986;3;21;San Marino Grand Prix;27/04/86;\N;27;4;812
407;1986;4;6;Monaco Grand Prix;11/05/86;\N;11;5;814
408;1986;5;13;Belgian Grand Prix;25/05/86;\N;25;5;816
409;1986;6;7;Canadian Grand Prix;15/06/86;\N;15;6;818
410;1986;7;37;Detroit Grand Prix;22/06/86;\N;22;6;820
411;1986;8;34;French Grand Prix;06/07/86;\N;6;7;822
412;1986;9;38;British Grand Prix;13/07/86;\N;13;7;824
413;1986;10;10;German Grand Prix;27/07/86;\N;27;7;826
414;1986;11;11;Hungarian Grand Prix;10/08/86;\N;10;8;828
415;1986;12;23;Austrian Grand Prix;17/08/86;\N;17;8;830
416;1986;13;14;Italian Grand Prix;07/09/86;\N;7;9;832
417;1986;14;27;Portuguese Grand Prix;21/09/86;\N;21;9;834
418;1986;15;32;Mexican Grand Prix;12/10/86;\N;12;10;836
419;1986;16;29;Australian Grand Prix;26/10/86;\N;26;10;838
420;1985;1;36;Brazilian Grand Prix;07/04/85;\N;7;4;840
421;1985;2;27;Portuguese Grand Prix;21/04/85;\N;21;4;842
422;1985;3;21;San Marino Grand Prix;05/05/85;\N;5;5;844
423;1985;4;6;Monaco Grand Prix;19/05/85;\N;19;5;846
424;1985;5;7;Canadian Grand Prix;16/06/85;\N;16;6;848
425;1985;6;37;Detroit Grand Prix;23/06/85;\N;23;6;850
426;1985;7;34;French Grand Prix;07/07/85;\N;7;7;852
427;1985;8;9;British Grand Prix;21/07/85;\N;21;7;854
428;1985;9;20;German Grand Prix;04/08/85;\N;4;8;856
429;1985;10;23;Austrian Grand Prix;18/08/85;\N;18;8;858
430;1985;11;39;Dutch Grand Prix;25/08/85;\N;25;8;860
431;1985;12;14;Italian Grand Prix;08/09/85;\N;8;9;862
432;1985;13;13;Belgian Grand Prix;15/09/85;\N;15;9;864
433;1985;14;38;European Grand Prix;06/10/85;\N;6;10;866
434;1985;15;30;South African Grand Prix;19/10/85;\N;19;10;868
435;1985;16;29;Australian Grand Prix;03/11/85;\N;3;11;870
436;1984;1;36;Brazilian Grand Prix;25/03/84;\N;25;3;872
437;1984;2;30;South African Grand Prix;07/04/84;\N;7;4;874
438;1984;3;40;Belgian Grand Prix;29/04/84;\N;29;4;876
439;1984;4;21;San Marino Grand Prix;06/05/84;\N;6;5;878
440;1984;5;41;French Grand Prix;20/05/84;\N;20;5;880
441;1984;6;6;Monaco Grand Prix;03/06/84;\N;3;6;882
442;1984;7;7;Canadian Grand Prix;17/06/84;\N;17;6;884
443;1984;8;37;Detroit Grand Prix;24/06/84;\N;24;6;886
444;1984;9;42;Dallas Grand Prix;08/07/84;\N;8;7;888
445;1984;10;38;British Grand Prix;22/07/84;\N;22;7;890
446;1984;11;10;German Grand Prix;05/08/84;\N;5;8;892
447;1984;12;23;Austrian Grand Prix;19/08/84;\N;19;8;894
448;1984;13;39;Dutch Grand Prix;26/08/84;\N;26;8;896
449;1984;14;14;Italian Grand Prix;09/09/84;\N;9;9;898
450;1984;15;20;European Grand Prix;07/10/84;\N;7;10;900
451;1984;16;27;Portuguese Grand Prix;21/10/84;\N;21;10;902
452;1983;1;36;Brazilian Grand Prix;13/03/83;\N;13;3;904
453;1983;2;43;United States Grand Prix West;27/03/83;\N;27;3;906
454;1983;3;34;French Grand Prix;17/04/83;\N;17;4;908
455;1983;4;21;San Marino Grand Prix;01/05/83;\N;1;5;910
456;1983;5;6;Monaco Grand Prix;15/05/83;\N;15;5;912
457;1983;6;13;Belgian Grand Prix;22/05/83;\N;22;5;914
458;1983;7;37;Detroit Grand Prix;05/06/83;\N;5;6;916
459;1983;8;7;Canadian Grand Prix;12/06/83;\N;12;6;918
460;1983;9;9;British Grand Prix;16/07/83;\N;16;7;920
461;1983;10;10;German Grand Prix;07/08/83;\N;7;8;922
462;1983;11;23;Austrian Grand Prix;14/08/83;\N;14;8;924
463;1983;12;39;Dutch Grand Prix;28/08/83;\N;28;8;926
464;1983;13;14;Italian Grand Prix;11/09/83;\N;11;9;928
465;1983;14;38;European Grand Prix;25/09/83;\N;25;9;930
466;1983;15;30;South African Grand Prix;15/10/83;\N;15;10;932
467;1982;1;30;South African Grand Prix;23/01/82;\N;23;1;934
468;1982;2;36;Brazilian Grand Prix;21/03/82;\N;21;3;936
469;1982;3;43;United States Grand Prix West;04/04/82;\N;4;4;938
470;1982;4;21;San Marino Grand Prix;25/04/82;\N;25;4;940
471;1982;5;40;Belgian Grand Prix;09/05/82;\N;9;5;942
472;1982;6;6;Monaco Grand Prix;23/05/82;\N;23;5;944
473;1982;7;37;Detroit Grand Prix;06/06/82;\N;6;6;946
474;1982;8;7;Canadian Grand Prix;13/06/82;\N;13;6;948
475;1982;9;39;Dutch Grand Prix;03/07/82;\N;3;7;950
476;1982;10;38;British Grand Prix;18/07/82;\N;18;7;952
477;1982;11;34;French Grand Prix;25/07/82;\N;25;7;954
478;1982;12;10;German Grand Prix;08/08/82;\N;8;8;956
479;1982;13;23;Austrian Grand Prix;15/08/82;\N;15;8;958
480;1982;14;41;Swiss Grand Prix;29/08/82;\N;29;8;960
481;1982;15;14;Italian Grand Prix;12/09/82;\N;12;9;962
482;1982;16;44;Caesars Palace Grand Prix;25/09/82;\N;25;9;964
483;1981;1;43;United States Grand Prix West;15/03/81;\N;15;3;966
484;1981;2;36;Brazilian Grand Prix;29/03/81;\N;29;3;968
485;1981;3;25;Argentine Grand Prix;12/04/81;\N;12;4;970
486;1981;4;21;San Marino Grand Prix;03/05/81;\N;3;5;972
487;1981;5;40;Belgian Grand Prix;17/05/81;\N;17;5;974
488;1981;6;6;Monaco Grand Prix;31/05/81;\N;31;5;976
489;1981;7;45;Spanish Grand Prix;21/06/81;\N;21;6;978
490;1981;8;41;French Grand Prix;05/07/81;\N;5;7;980
491;1981;9;9;British Grand Prix;18/07/81;\N;18;7;982
492;1981;10;10;German Grand Prix;02/08/81;\N;2;8;984
493;1981;11;23;Austrian Grand Prix;16/08/81;\N;16;8;986
494;1981;12;39;Dutch Grand Prix;30/08/81;\N;30;8;988
495;1981;13;14;Italian Grand Prix;13/09/81;\N;13;9;990
496;1981;14;7;Canadian Grand Prix;27/09/81;\N;27;9;992
497;1981;15;44;Caesars Palace Grand Prix;17/10/81;\N;17;10;994
498;1980;1;25;Argentine Grand Prix;13/01/80;\N;13;1;996
499;1980;2;18;Brazilian Grand Prix;27/01/80;\N;27;1;998
500;1980;3;30;South African Grand Prix;01/03/80;\N;1;3;1000
501;1980;4;43;United States Grand Prix West;30/03/80;\N;30;3;1002
502;1980;5;40;Belgian Grand Prix;04/05/80;\N;4;5;1004
503;1980;6;6;Monaco Grand Prix;18/05/80;\N;18;5;1006
504;1980;7;34;French Grand Prix;29/06/80;\N;29;6;1008
505;1980;8;38;British Grand Prix;13/07/80;\N;13;7;1010
506;1980;9;10;German Grand Prix;10/08/80;\N;10;8;1012
507;1980;10;23;Austrian Grand Prix;17/08/80;\N;17;8;1014
508;1980;11;39;Dutch Grand Prix;31/08/80;\N;31;8;1016
509;1980;12;21;Italian Grand Prix;14/09/80;\N;14;9;1018
510;1980;13;7;Canadian Grand Prix;28/09/80;\N;28;9;1020
511;1980;14;46;United States Grand Prix;05/10/80;\N;5;10;1022
512;1979;1;25;Argentine Grand Prix;21/01/79;\N;21;1;1024
513;1979;2;18;Brazilian Grand Prix;04/02/79;\N;4;2;1026
514;1979;3;30;South African Grand Prix;03/03/79;\N;3;3;1028
515;1979;4;43;United States Grand Prix West;08/04/79;\N;8;4;1030
516;1979;5;45;Spanish Grand Prix;29/04/79;\N;29;4;1032
517;1979;6;40;Belgian Grand Prix;13/05/79;\N;13;5;1034
518;1979;7;6;Monaco Grand Prix;27/05/79;\N;27;5;1036
519;1979;8;41;French Grand Prix;01/07/79;\N;1;7;1038
520;1979;9;9;British Grand Prix;14/07/79;\N;14;7;1040
521;1979;10;10;German Grand Prix;29/07/79;\N;29;7;1042
522;1979;11;23;Austrian Grand Prix;12/08/79;\N;12;8;1044
523;1979;12;39;Dutch Grand Prix;26/08/79;\N;26;8;1046
524;1979;13;14;Italian Grand Prix;09/09/79;\N;9;9;1048
525;1979;14;7;Canadian Grand Prix;30/09/79;\N;30;9;1050
526;1979;15;46;United States Grand Prix;07/10/79;\N;7;10;1052
527;1978;1;25;Argentine Grand Prix;15/01/78;\N;15;1;1054
528;1978;2;36;Brazilian Grand Prix;29/01/78;\N;29;1;1056
529;1978;3;30;South African Grand Prix;04/03/78;\N;4;3;1058
530;1978;4;43;United States Grand Prix West;02/04/78;\N;2;4;1060
531;1978;5;6;Monaco Grand Prix;07/05/78;\N;7;5;1062
532;1978;6;40;Belgian Grand Prix;21/05/78;\N;21;5;1064
533;1978;7;45;Spanish Grand Prix;04/06/78;\N;4;6;1066
534;1978;8;47;Swedish Grand Prix;17/06/78;\N;17;6;1068
535;1978;9;34;French Grand Prix;02/07/78;\N;2;7;1070
536;1978;10;38;British Grand Prix;16/07/78;\N;16;7;1072
537;1978;11;10;German Grand Prix;30/07/78;\N;30;7;1074
538;1978;12;23;Austrian Grand Prix;13/08/78;\N;13;8;1076
539;1978;13;39;Dutch Grand Prix;27/08/78;\N;27;8;1078
540;1978;14;14;Italian Grand Prix;10/09/78;\N;10;9;1080
541;1978;15;46;United States Grand Prix;01/10/78;\N;1;10;1082
542;1978;16;7;Canadian Grand Prix;08/10/78;\N;8;10;1084
543;1977;1;25;Argentine Grand Prix;09/01/77;\N;9;1;1086
544;1977;2;18;Brazilian Grand Prix;23/01/77;\N;23;1;1088
545;1977;3;30;South African Grand Prix;05/03/77;\N;5;3;1090
546;1977;4;43;United States Grand Prix West;03/04/77;\N;3;4;1092
547;1977;5;45;Spanish Grand Prix;08/05/77;\N;8;5;1094
548;1977;6;6;Monaco Grand Prix;22/05/77;\N;22;5;1096
549;1977;7;40;Belgian Grand Prix;05/06/77;\N;5;6;1098
550;1977;8;47;Swedish Grand Prix;19/06/77;\N;19;6;1100
551;1977;9;41;French Grand Prix;03/07/77;\N;3;7;1102
552;1977;10;9;British Grand Prix;16/07/77;\N;16;7;1104
553;1977;11;10;German Grand Prix;31/07/77;\N;31;7;1106
554;1977;12;23;Austrian Grand Prix;14/08/77;\N;14;8;1108
555;1977;13;39;Dutch Grand Prix;28/08/77;\N;28;8;1110
556;1977;14;14;Italian Grand Prix;11/09/77;\N;11;9;1112
557;1977;15;46;United States Grand Prix;02/10/77;\N;2;10;1114
558;1977;16;48;Canadian Grand Prix;09/10/77;\N;9;10;1116
559;1977;17;16;Japanese Grand Prix;23/10/77;\N;23;10;1118
560;1976;1;18;Brazilian Grand Prix;25/01/76;\N;25;1;1120
561;1976;2;30;South African Grand Prix;06/03/76;\N;6;3;1122
562;1976;3;43;United States Grand Prix West;28/03/76;\N;28;3;1124
563;1976;4;45;Spanish Grand Prix;02/05/76;\N;2;5;1126
564;1976;5;40;Belgian Grand Prix;16/05/76;\N;16;5;1128
565;1976;6;6;Monaco Grand Prix;30/05/76;\N;30;5;1130
566;1976;7;47;Swedish Grand Prix;13/06/76;\N;13;6;1132
567;1976;8;34;French Grand Prix;04/07/76;\N;4;7;1134
568;1976;9;38;British Grand Prix;18/07/76;\N;18;7;1136
569;1976;10;20;German Grand Prix;01/08/76;\N;1;8;1138
570;1976;11;23;Austrian Grand Prix;15/08/76;\N;15;8;1140
571;1976;12;39;Dutch Grand Prix;29/08/76;\N;29;8;1142
572;1976;13;14;Italian Grand Prix;12/09/76;\N;12;9;1144
573;1976;14;48;Canadian Grand Prix;03/10/76;\N;3;10;1146
574;1976;15;46;United States Grand Prix;10/10/76;\N;10;10;1148
575;1976;16;16;Japanese Grand Prix;24/10/76;\N;24;10;1150
576;1975;1;25;Argentine Grand Prix;12/01/75;\N;12;1;1152
577;1975;2;18;Brazilian Grand Prix;26/01/75;\N;26;1;1154
578;1975;3;30;South African Grand Prix;01/03/75;\N;1;3;1156
579;1975;4;49;Spanish Grand Prix;27/04/75;\N;27;4;1158
580;1975;5;6;Monaco Grand Prix;11/05/75;\N;11;5;1160
581;1975;6;40;Belgian Grand Prix;25/05/75;\N;25;5;1162
582;1975;7;47;Swedish Grand Prix;08/06/75;\N;8;6;1164
583;1975;8;39;Dutch Grand Prix;22/06/75;\N;22;6;1166
584;1975;9;34;French Grand Prix;06/07/75;\N;6;7;1168
585;1975;10;9;British Grand Prix;19/07/75;\N;19;7;1170
586;1975;11;20;German Grand Prix;03/08/75;\N;3;8;1172
587;1975;12;23;Austrian Grand Prix;17/08/75;\N;17;8;1174
588;1975;13;14;Italian Grand Prix;07/09/75;\N;7;9;1176
589;1975;14;46;United States Grand Prix;05/10/75;\N;5;10;1178
590;1974;1;25;Argentine Grand Prix;13/01/74;\N;13;1;1180
591;1974;2;18;Brazilian Grand Prix;27/01/74;\N;27;1;1182
592;1974;3;30;South African Grand Prix;30/03/74;\N;30;3;1184
593;1974;4;45;Spanish Grand Prix;28/04/74;\N;28;4;1186
594;1974;5;50;Belgian Grand Prix;12/05/74;\N;12;5;1188
595;1974;6;6;Monaco Grand Prix;26/05/74;\N;26;5;1190
596;1974;7;47;Swedish Grand Prix;09/06/74;\N;9;6;1192
597;1974;8;39;Dutch Grand Prix;23/06/74;\N;23;6;1194
598;1974;9;41;French Grand Prix;07/07/74;\N;7;7;1196
599;1974;10;38;British Grand Prix;20/07/74;\N;20;7;1198
600;1974;11;20;German Grand Prix;04/08/74;\N;4;8;1200
601;1974;12;23;Austrian Grand Prix;18/08/74;\N;18;8;1202
602;1974;13;14;Italian Grand Prix;08/09/74;\N;8;9;1204
603;1974;14;48;Canadian Grand Prix;22/09/74;\N;22;9;1206
604;1974;15;46;United States Grand Prix;06/10/74;\N;6;10;1208
605;1973;1;25;Argentine Grand Prix;28/01/73;\N;28;1;1210
606;1973;2;18;Brazilian Grand Prix;11/02/73;\N;11;2;1212
607;1973;3;30;South African Grand Prix;03/03/73;\N;3;3;1214
608;1973;4;49;Spanish Grand Prix;29/04/73;\N;29;4;1216
609;1973;5;40;Belgian Grand Prix;20/05/73;\N;20;5;1218
610;1973;6;6;Monaco Grand Prix;03/06/73;\N;3;6;1220
611;1973;7;47;Swedish Grand Prix;17/06/73;\N;17;6;1222
612;1973;8;34;French Grand Prix;01/07/73;\N;1;7;1224
613;1973;9;9;British Grand Prix;14/07/73;\N;14;7;1226
614;1973;10;39;Dutch Grand Prix;29/07/73;\N;29;7;1228
615;1973;11;20;German Grand Prix;05/08/73;\N;5;8;1230
616;1973;12;23;Austrian Grand Prix;19/08/73;\N;19;8;1232
617;1973;13;14;Italian Grand Prix;09/09/73;\N;9;9;1234
618;1973;14;48;Canadian Grand Prix;23/09/73;\N;23;9;1236
619;1973;15;46;United States Grand Prix;07/10/73;\N;7;10;1238
620;1972;1;25;Argentine Grand Prix;23/01/72;\N;23;1;1240
621;1972;2;30;South African Grand Prix;04/03/72;\N;4;3;1242
622;1972;3;45;Spanish Grand Prix;01/05/72;\N;1;5;1244
623;1972;4;6;Monaco Grand Prix;14/05/72;\N;14;5;1246
624;1972;5;50;Belgian Grand Prix;04/06/72;\N;4;6;1248
625;1972;6;51;French Grand Prix;02/07/72;\N;2;7;1250
626;1972;7;38;British Grand Prix;15/07/72;\N;15;7;1252
627;1972;8;20;German Grand Prix;30/07/72;\N;30;7;1254
628;1972;9;23;Austrian Grand Prix;13/08/72;\N;13;8;1256
629;1972;10;14;Italian Grand Prix;10/09/72;\N;10;9;1258
630;1972;11;48;Canadian Grand Prix;24/09/72;\N;24;9;1260
631;1972;12;46;United States Grand Prix;08/10/72;\N;8;10;1262
632;1971;1;30;South African Grand Prix;06/03/71;\N;6;3;1264
633;1971;2;49;Spanish Grand Prix;18/04/71;\N;18;4;1266
634;1971;3;6;Monaco Grand Prix;23/05/71;\N;23;5;1268
635;1971;4;39;Dutch Grand Prix;20/06/71;\N;20;6;1270
636;1971;5;34;French Grand Prix;04/07/71;\N;4;7;1272
637;1971;6;9;British Grand Prix;17/07/71;\N;17;7;1274
638;1971;7;20;German Grand Prix;01/08/71;\N;1;8;1276
639;1971;8;23;Austrian Grand Prix;15/08/71;\N;15;8;1278
640;1971;9;14;Italian Grand Prix;05/09/71;\N;5;9;1280
641;1971;10;48;Canadian Grand Prix;19/09/71;\N;19;9;1282
642;1971;11;46;United States Grand Prix;03/10/71;\N;3;10;1284
643;1970;1;30;South African Grand Prix;07/03/70;\N;7;3;1286
644;1970;2;45;Spanish Grand Prix;19/04/70;\N;19;4;1288
645;1970;3;6;Monaco Grand Prix;10/05/70;\N;10;5;1290
646;1970;4;13;Belgian Grand Prix;07/06/70;\N;7;6;1292
647;1970;5;39;Dutch Grand Prix;21/06/70;\N;21;6;1294
648;1970;6;51;French Grand Prix;05/07/70;\N;5;7;1296
649;1970;7;38;British Grand Prix;18/07/70;\N;18;7;1298
650;1970;8;10;German Grand Prix;02/08/70;\N;2;8;1300
651;1970;9;23;Austrian Grand Prix;16/08/70;\N;16;8;1302
652;1970;10;14;Italian Grand Prix;06/09/70;\N;6;9;1304
653;1970;11;52;Canadian Grand Prix;20/09/70;\N;20;9;1306
654;1970;12;46;United States Grand Prix;04/10/70;\N;4;10;1308
655;1970;13;32;Mexican Grand Prix;25/10/70;\N;25;10;1310
656;1969;1;30;South African Grand Prix;01/03/69;\N;1;3;1312
657;1969;2;49;Spanish Grand Prix;04/05/69;\N;4;5;1314
658;1969;3;6;Monaco Grand Prix;18/05/69;\N;18;5;1316
659;1969;4;39;Dutch Grand Prix;21/06/69;\N;21;6;1318
660;1969;5;51;French Grand Prix;06/07/69;\N;6;7;1320
661;1969;6;9;British Grand Prix;19/07/69;\N;19;7;1322
662;1969;7;20;German Grand Prix;03/08/69;\N;3;8;1324
663;1969;8;14;Italian Grand Prix;07/09/69;\N;7;9;1326
664;1969;9;48;Canadian Grand Prix;20/09/69;\N;20;9;1328
665;1969;10;46;United States Grand Prix;05/10/69;\N;5;10;1330
666;1969;11;32;Mexican Grand Prix;19/10/69;\N;19;10;1332
667;1968;1;30;South African Grand Prix;01/01/68;\N;1;1;1334
668;1968;2;45;Spanish Grand Prix;12/05/68;\N;12;5;1336
669;1968;3;6;Monaco Grand Prix;26/05/68;\N;26;5;1338
670;1968;4;13;Belgian Grand Prix;09/06/68;\N;9;6;1340
671;1968;5;39;Dutch Grand Prix;23/06/68;\N;23;6;1342
672;1968;6;53;French Grand Prix;07/07/68;\N;7;7;1344
673;1968;7;38;British Grand Prix;20/07/68;\N;20;7;1346
674;1968;8;20;German Grand Prix;04/08/68;\N;4;8;1348
675;1968;9;14;Italian Grand Prix;08/09/68;\N;8;9;1350
676;1968;10;52;Canadian Grand Prix;22/09/68;\N;22;9;1352
677;1968;11;46;United States Grand Prix;06/10/68;\N;6;10;1354
678;1968;12;32;Mexican Grand Prix;03/11/68;\N;3;11;1356
679;1967;1;30;South African Grand Prix;02/01/67;\N;2;1;1358
680;1967;2;6;Monaco Grand Prix;07/05/67;\N;7;5;1360
681;1967;3;39;Dutch Grand Prix;04/06/67;\N;4;6;1362
682;1967;4;13;Belgian Grand Prix;18/06/67;\N;18;6;1364
683;1967;5;54;French Grand Prix;02/07/67;\N;2;7;1366
684;1967;6;9;British Grand Prix;15/07/67;\N;15;7;1368
685;1967;7;20;German Grand Prix;06/08/67;\N;6;8;1370
686;1967;8;48;Canadian Grand Prix;27/08/67;\N;27;8;1372
687;1967;9;14;Italian Grand Prix;10/09/67;\N;10;9;1374
688;1967;10;46;United States Grand Prix;01/10/67;\N;1;10;1376
689;1967;11;32;Mexican Grand Prix;22/10/67;\N;22;10;1378
690;1966;1;6;Monaco Grand Prix;22/05/66;\N;22;5;1380
691;1966;2;13;Belgian Grand Prix;12/06/66;\N;12;6;1382
692;1966;3;55;French Grand Prix;03/07/66;\N;3;7;1384
693;1966;4;38;British Grand Prix;16/07/66;\N;16;7;1386
694;1966;5;39;Dutch Grand Prix;24/07/66;\N;24;7;1388
695;1966;6;20;German Grand Prix;07/08/66;\N;7;8;1390
696;1966;7;14;Italian Grand Prix;04/09/66;\N;4;9;1392
697;1966;8;46;United States Grand Prix;02/10/66;\N;2;10;1394
698;1966;9;32;Mexican Grand Prix;23/10/66;\N;23;10;1396
699;1965;1;56;South African Grand Prix;01/01/65;\N;1;1;1398
700;1965;2;6;Monaco Grand Prix;30/05/65;\N;30;5;1400
701;1965;3;13;Belgian Grand Prix;13/06/65;\N;13;6;1402
702;1965;4;51;French Grand Prix;27/06/65;\N;27;6;1404
703;1965;5;9;British Grand Prix;10/07/65;\N;10;7;1406
704;1965;6;39;Dutch Grand Prix;18/07/65;\N;18;7;1408
705;1965;7;20;German Grand Prix;01/08/65;\N;1;8;1410
706;1965;8;14;Italian Grand Prix;12/09/65;\N;12;9;1412
707;1965;9;46;United States Grand Prix;03/10/65;\N;3;10;1414
708;1965;10;32;Mexican Grand Prix;24/10/65;\N;24;10;1416
709;1964;1;6;Monaco Grand Prix;10/05/64;\N;10;5;1418
710;1964;2;39;Dutch Grand Prix;24/05/64;\N;24;5;1420
711;1964;3;13;Belgian Grand Prix;14/06/64;\N;14;6;1422
712;1964;4;53;French Grand Prix;28/06/64;\N;28;6;1424
713;1964;5;38;British Grand Prix;11/07/64;\N;11;7;1426
714;1964;6;20;German Grand Prix;02/08/64;\N;2;8;1428
715;1964;7;57;Austrian Grand Prix;23/08/64;\N;23;8;1430
716;1964;8;14;Italian Grand Prix;06/09/64;\N;6;9;1432
717;1964;9;46;United States Grand Prix;04/10/64;\N;4;10;1434
718;1964;10;32;Mexican Grand Prix;25/10/64;\N;25;10;1436
719;1963;1;6;Monaco Grand Prix;26/05/63;\N;26;5;1438
720;1963;2;13;Belgian Grand Prix;09/06/63;\N;9;6;1440
721;1963;3;39;Dutch Grand Prix;23/06/63;\N;23;6;1442
722;1963;4;55;French Grand Prix;30/06/63;\N;30;6;1444
723;1963;5;9;British Grand Prix;20/07/63;\N;20;7;1446
724;1963;6;20;German Grand Prix;04/08/63;\N;4;8;1448
725;1963;7;14;Italian Grand Prix;08/09/63;\N;8;9;1450
726;1963;8;46;United States Grand Prix;06/10/63;\N;6;10;1452
727;1963;9;32;Mexican Grand Prix;27/10/63;\N;27;10;1454
728;1963;10;56;South African Grand Prix;28/12/63;\N;28;12;1456
729;1962;1;39;Dutch Grand Prix;20/05/62;\N;20;5;1458
730;1962;2;6;Monaco Grand Prix;03/06/62;\N;3;6;1460
731;1962;3;13;Belgian Grand Prix;17/06/62;\N;17;6;1462
732;1962;4;53;French Grand Prix;08/07/62;\N;8;7;1464
733;1962;5;58;British Grand Prix;21/07/62;\N;21;7;1466
734;1962;6;20;German Grand Prix;05/08/62;\N;5;8;1468
735;1962;7;14;Italian Grand Prix;16/09/62;\N;16;9;1470
736;1962;8;46;United States Grand Prix;07/10/62;\N;7;10;1472
737;1962;9;56;South African Grand Prix;29/12/62;\N;29;12;1474
738;1961;1;6;Monaco Grand Prix;14/05/61;\N;14;5;1476
739;1961;2;39;Dutch Grand Prix;22/05/61;\N;22;5;1478
740;1961;3;13;Belgian Grand Prix;18/06/61;\N;18;6;1480
741;1961;4;55;French Grand Prix;02/07/61;\N;2;7;1482
742;1961;5;58;British Grand Prix;15/07/61;\N;15;7;1484
743;1961;6;20;German Grand Prix;06/08/61;\N;6;8;1486
744;1961;7;14;Italian Grand Prix;10/09/61;\N;10;9;1488
745;1961;8;46;United States Grand Prix;08/10/61;\N;8;10;1490
746;1960;1;25;Argentine Grand Prix;07/02/60;\N;7;2;1492
747;1960;2;6;Monaco Grand Prix;29/05/60;\N;29;5;1494
748;1960;3;19;Indianapolis 500;30/05/60;\N;30;5;1496
749;1960;4;39;Dutch Grand Prix;06/06/60;\N;6;6;1498
750;1960;5;13;Belgian Grand Prix;19/06/60;\N;19;6;1500
751;1960;6;55;French Grand Prix;03/07/60;\N;3;7;1502
752;1960;7;9;British Grand Prix;16/07/60;\N;16;7;1504
753;1960;8;59;Portuguese Grand Prix;14/08/60;\N;14;8;1506
754;1960;9;14;Italian Grand Prix;04/09/60;\N;4;9;1508
755;1960;10;60;United States Grand Prix;20/11/60;\N;20;11;1510
756;1959;1;6;Monaco Grand Prix;10/05/59;\N;10;5;1512
757;1959;2;19;Indianapolis 500;30/05/59;\N;30;5;1514
758;1959;3;39;Dutch Grand Prix;31/05/59;\N;31;5;1516
759;1959;4;55;French Grand Prix;05/07/59;\N;5;7;1518
760;1959;5;58;British Grand Prix;18/07/59;\N;18;7;1520
761;1959;6;61;German Grand Prix;02/08/59;\N;2;8;1522
762;1959;7;62;Portuguese Grand Prix;23/08/59;\N;23;8;1524
763;1959;8;14;Italian Grand Prix;13/09/59;\N;13;9;1526
764;1959;9;63;United States Grand Prix;12/12/59;\N;12;12;1528
765;1958;1;25;Argentine Grand Prix;19/01/58;\N;19;1;1530
766;1958;2;6;Monaco Grand Prix;18/05/58;\N;18;5;1532
767;1958;3;39;Dutch Grand Prix;26/05/58;\N;26;5;1534
768;1958;4;19;Indianapolis 500;30/05/58;\N;30;5;1536
769;1958;5;13;Belgian Grand Prix;15/06/58;\N;15;6;1538
770;1958;6;55;French Grand Prix;06/07/58;\N;6;7;1540
771;1958;7;9;British Grand Prix;19/07/58;\N;19;7;1542
772;1958;8;20;German Grand Prix;03/08/58;\N;3;8;1544
773;1958;9;59;Portuguese Grand Prix;24/08/58;\N;24;8;1546
774;1958;10;14;Italian Grand Prix;07/09/58;\N;7;9;1548
775;1958;11;64;Moroccan Grand Prix;19/10/58;\N;19;10;1550
776;1957;1;25;Argentine Grand Prix;13/01/57;\N;13;1;1552
777;1957;2;6;Monaco Grand Prix;19/05/57;\N;19;5;1554
778;1957;3;19;Indianapolis 500;30/05/57;\N;30;5;1556
779;1957;4;53;French Grand Prix;07/07/57;\N;7;7;1558
780;1957;5;58;British Grand Prix;20/07/57;\N;20;7;1560
781;1957;6;20;German Grand Prix;04/08/57;\N;4;8;1562
782;1957;7;65;Pescara Grand Prix;18/08/57;\N;18;8;1564
783;1957;8;14;Italian Grand Prix;08/09/57;\N;8;9;1566
784;1956;1;25;Argentine Grand Prix;22/01/56;\N;22;1;1568
785;1956;2;6;Monaco Grand Prix;13/05/56;\N;13;5;1570
786;1956;3;19;Indianapolis 500;30/05/56;\N;30;5;1572
787;1956;4;13;Belgian Grand Prix;03/06/56;\N;3;6;1574
788;1956;5;55;French Grand Prix;01/07/56;\N;1;7;1576
789;1956;6;9;British Grand Prix;14/07/56;\N;14;7;1578
790;1956;7;20;German Grand Prix;05/08/56;\N;5;8;1580
791;1956;8;14;Italian Grand Prix;02/09/56;\N;2;9;1582
792;1955;1;25;Argentine Grand Prix;16/01/55;\N;16;1;1584
793;1955;2;6;Monaco Grand Prix;22/05/55;\N;22;5;1586
794;1955;3;19;Indianapolis 500;30/05/55;\N;30;5;1588
795;1955;4;13;Belgian Grand Prix;05/06/55;\N;5;6;1590
796;1955;5;39;Dutch Grand Prix;19/06/55;\N;19;6;1592
797;1955;6;58;British Grand Prix;16/07/55;\N;16;7;1594
798;1955;7;14;Italian Grand Prix;11/09/55;\N;11;9;1596
799;1954;1;25;Argentine Grand Prix;17/01/54;\N;17;1;1598
800;1954;2;19;Indianapolis 500;31/05/54;\N;31;5;1600
801;1954;3;13;Belgian Grand Prix;20/06/54;\N;20;6;1602
802;1954;4;55;French Grand Prix;04/07/54;\N;4;7;1604
803;1954;5;9;British Grand Prix;17/07/54;\N;17;7;1606
804;1954;6;20;German Grand Prix;01/08/54;\N;1;8;1608
805;1954;7;66;Swiss Grand Prix;22/08/54;\N;22;8;1610
806;1954;8;14;Italian Grand Prix;05/09/54;\N;5;9;1612
807;1954;9;67;Spanish Grand Prix;24/10/54;\N;24;10;1614
808;1953;1;25;Argentine Grand Prix;18/01/53;\N;18;1;1616
809;1953;2;19;Indianapolis 500;30/05/53;\N;30;5;1618
810;1953;3;39;Dutch Grand Prix;07/06/53;\N;7;6;1620
811;1953;4;13;Belgian Grand Prix;21/06/53;\N;21;6;1622
812;1953;5;55;French Grand Prix;05/07/53;\N;5;7;1624
813;1953;6;9;British Grand Prix;18/07/53;\N;18;7;1626
814;1953;7;20;German Grand Prix;02/08/53;\N;2;8;1628
815;1953;8;66;Swiss Grand Prix;23/08/53;\N;23;8;1630
816;1953;9;14;Italian Grand Prix;13/09/53;\N;13;9;1632
817;1952;1;66;Swiss Grand Prix;18/05/52;\N;18;5;1634
818;1952;2;19;Indianapolis 500;30/05/52;\N;30;5;1636
819;1952;3;13;Belgian Grand Prix;22/06/52;\N;22;6;1638
820;1952;4;53;French Grand Prix;06/07/52;\N;6;7;1640
821;1952;5;9;British Grand Prix;19/07/52;\N;19;7;1642
822;1952;6;20;German Grand Prix;03/08/52;\N;3;8;1644
823;1952;7;39;Dutch Grand Prix;17/08/52;\N;17;8;1646
824;1952;8;14;Italian Grand Prix;07/09/52;\N;7;9;1648
825;1951;1;66;Swiss Grand Prix;27/05/51;\N;27;5;1650
826;1951;2;19;Indianapolis 500;30/05/51;\N;30;5;1652
827;1951;3;13;Belgian Grand Prix;17/06/51;\N;17;6;1654
828;1951;4;55;French Grand Prix;01/07/51;\N;1;7;1656
829;1951;5;9;British Grand Prix;14/07/51;\N;14;7;1658
830;1951;6;20;German Grand Prix;29/07/51;\N;29;7;1660
831;1951;7;14;Italian Grand Prix;16/09/51;\N;16;9;1662
832;1951;8;67;Spanish Grand Prix;28/10/51;\N;28;10;1664
833;1950;1;9;British Grand Prix;13/05/50;\N;13;5;1666
834;1950;2;6;Monaco Grand Prix;21/05/50;\N;21;5;1668
835;1950;3;19;Indianapolis 500;30/05/50;\N;30;5;1670
836;1950;4;66;Swiss Grand Prix;04/06/50;\N;4;6;1672
837;1950;5;13;Belgian Grand Prix;18/06/50;\N;18;6;1674
838;1950;6;55;French Grand Prix;02/07/50;\N;2;7;1676
839;1950;7;14;Italian Grand Prix;03/09/50;\N;3;9;1678
841;2011;1;1;Australian Grand Prix;27/03/11;6:00:00;27;3;1681
842;2011;2;2;Malaysian Grand Prix;10/04/11;8:00:00;10;4;1683
843;2011;3;17;Chinese Grand Prix;17/04/11;7:00:00;17;4;1685
844;2011;4;5;Turkish Grand Prix;08/05/11;12:00:00;8;5;1687
845;2011;5;4;Spanish Grand Prix;22/05/11;12:00:00;22;5;1689
846;2011;6;6;Monaco Grand Prix;29/05/11;12:00:00;29;5;1691
847;2011;7;7;Canadian Grand Prix;12/06/11;17:00:00;12;6;1693
848;2011;8;12;European Grand Prix;26/06/11;12:00:00;26;6;1695
849;2011;9;9;British Grand Prix;10/07/11;12:00:00;10;7;1697
850;2011;10;20;German Grand Prix;24/07/11;12:00:00;24;7;1699
851;2011;11;11;Hungarian Grand Prix;31/07/11;12:00:00;31;7;1701
852;2011;12;13;Belgian Grand Prix;28/08/11;12:00:00;28;8;1703
853;2011;13;14;Italian Grand Prix;11/09/11;12:00:00;11;9;1705
854;2011;14;15;Singapore Grand Prix;25/09/11;12:00:00;25;9;1707
855;2011;15;22;Japanese Grand Prix;09/10/11;6:00:00;9;10;1709
856;2011;16;35;Korean Grand Prix;16/10/11;6:00:00;16;10;1711
857;2011;17;68;Indian Grand Prix;30/10/11;9:30:00;30;10;1713
858;2011;18;24;Abu Dhabi Grand Prix;13/11/11;13:00:00;13;11;1715
859;2011;19;18;Brazilian Grand Prix;27/11/11;16:00:00;27;11;1717
860;2012;1;1;Australian Grand Prix;18/03/12;6:00:00;18;3;1719
861;2012;2;2;Malaysian Grand Prix;25/03/12;8:00:00;25;3;1721
862;2012;3;17;Chinese Grand Prix;15/04/12;7:00:00;15;4;1723
863;2012;4;3;Bahrain Grand Prix;22/04/12;12:00:00;22;4;1725
864;2012;5;4;Spanish Grand Prix;13/05/12;12:00:00;13;5;1727
865;2012;6;6;Monaco Grand Prix;27/05/12;12:00:00;27;5;1729
866;2012;7;7;Canadian Grand Prix;10/06/12;18:00:00;10;6;1731
867;2012;8;12;European Grand Prix;24/06/12;12:00:00;24;6;1733
868;2012;9;9;British Grand Prix;08/07/12;12:00:00;8;7;1735
869;2012;10;10;German Grand Prix;22/07/12;12:00:00;22;7;1737
870;2012;11;11;Hungarian Grand Prix;29/07/12;12:00:00;29;7;1739
871;2012;12;13;Belgian Grand Prix;02/09/12;12:00:00;2;9;1741
872;2012;13;14;Italian Grand Prix;09/09/12;12:00:00;9;9;1743
873;2012;14;15;Singapore Grand Prix;23/09/12;12:00:00;23;9;1745
874;2012;15;22;Japanese Grand Prix;07/10/12;6:00:00;7;10;1747
875;2012;16;35;Korean Grand Prix;14/10/12;6:00:00;14;10;1749
876;2012;17;68;Indian Grand Prix;28/10/12;9:30:00;28;10;1751
877;2012;18;24;Abu Dhabi Grand Prix;04/11/12;13:00:00;4;11;1753
878;2012;19;69;United States Grand Prix;18/11/12;19:00:00;18;11;1755
879;2012;20;18;Brazilian Grand Prix;25/11/12;16:00:00;25;11;1757
880;2013;1;1;Australian Grand Prix;17/03/13;6:00:00;17;3;1759
881;2013;2;2;Malaysian Grand Prix;24/03/13;8:00:00;24;3;1761
882;2013;3;17;Chinese Grand Prix;14/04/13;7:00:00;14;4;1763
883;2013;4;3;Bahrain Grand Prix;21/04/13;12:00:00;21;4;1765
884;2013;5;4;Spanish Grand Prix;12/05/13;12:00:00;12;5;1767
885;2013;6;6;Monaco Grand Prix;26/05/13;12:00:00;26;5;1769
886;2013;7;7;Canadian Grand Prix;09/06/13;18:00:00;9;6;1771
887;2013;8;9;British Grand Prix;30/06/13;12:00:00;30;6;1773
888;2013;9;20;German Grand Prix;07/07/13;12:00:00;7;7;1775
890;2013;10;11;Hungarian Grand Prix;28/07/13;12:00:00;28;7;1778
891;2013;11;13;Belgian Grand Prix;25/08/13;12:00:00;25;8;1780
892;2013;12;14;Italian Grand Prix;08/09/13;12:00:00;8;9;1782
893;2013;13;15;Singapore Grand Prix;22/09/13;12:00:00;22;9;1784
894;2013;14;35;Korean Grand Prix;06/10/13;6:00:00;6;10;1786
895;2013;15;22;Japanese Grand Prix;13/10/13;6:00:00;13;10;1788
896;2013;16;68;Indian Grand Prix;27/10/13;9:30:00;27;10;1790
897;2013;17;24;Abu Dhabi Grand Prix;03/11/13;13:00:00;3;11;1792
898;2013;18;69;United States Grand Prix;17/11/13;19:00:00;17;11;1794
899;2013;19;18;Brazilian Grand Prix;24/11/13;16:00:00;24;11;1796
900;2014;1;1;Australian Grand Prix;16/03/14;6:00:00;16;3;1798
901;2014;2;2;Malaysian Grand Prix;30/03/14;8:00:00;30;3;1800
902;2014;3;3;Bahrain Grand Prix;06/04/14;15:00:00;6;4;1802
903;2014;4;17;Chinese Grand Prix;20/04/14;7:00:00;20;4;1804
904;2014;5;4;Spanish Grand Prix;11/05/14;12:00:00;11;5;1806
905;2014;6;6;Monaco Grand Prix;25/05/14;12:00:00;25;5;1808
906;2014;7;7;Canadian Grand Prix;08/06/14;18:00:00;8;6;1810
907;2014;8;70;Austrian Grand Prix;22/06/14;12:00:00;22;6;1812
908;2014;9;9;British Grand Prix;06/07/14;12:00:00;6;7;1814
909;2014;10;10;German Grand Prix;20/07/14;12:00:00;20;7;1816
910;2014;11;11;Hungarian Grand Prix;27/07/14;12:00:00;27;7;1818
911;2014;12;13;Belgian Grand Prix;24/08/14;12:00:00;24;8;1820
912;2014;13;14;Italian Grand Prix;07/09/14;12:00:00;7;9;1822
913;2014;14;15;Singapore Grand Prix;21/09/14;12:00:00;21;9;1824
914;2014;15;22;Japanese Grand Prix;05/10/14;6:00:00;5;10;1826
915;2014;16;71;Russian Grand Prix;12/10/14;11:00:00;12;10;1828
916;2014;17;69;United States Grand Prix;02/11/14;20:00:00;2;11;1830
917;2014;18;18;Brazilian Grand Prix;09/11/14;16:00:00;9;11;1832
918;2014;19;24;Abu Dhabi Grand Prix;23/11/14;13:00:00;23;11;1834
931;2015;6;6;Monaco Grand Prix;24/05/15;12:00:00;24;5;1848
932;2015;7;7;Canadian Grand Prix;07/06/15;18:00:00;7;6;1850
929;2015;4;3;Bahrain Grand Prix;19/04/15;15:00:00;19;4;1848
930;2015;5;4;Spanish Grand Prix;10/05/15;12:00:00;10;5;1850
928;2015;3;17;Chinese Grand Prix;12/04/15;6:00:00;12;4;1849
926;2015;1;1;Australian Grand Prix;15/03/15;5:00:00;15;3;1848
927;2015;2;2;Malaysian Grand Prix;29/03/15;7:00:00;29;3;1850
933;2015;8;70;Austrian Grand Prix;21/06/15;12:00:00;21;6;1857
934;2015;9;9;British Grand Prix;05/07/15;12:00:00;5;7;1859
936;2015;10;11;Hungarian Grand Prix;26/07/15;12:00:00;26;7;1862
937;2015;11;13;Belgian Grand Prix;23/08/15;12:00:00;23;8;1864
938;2015;12;14;Italian Grand Prix;06/09/15;12:00:00;6;9;1866
939;2015;13;15;Singapore Grand Prix;20/09/15;12:00:00;20;9;1868
940;2015;14;22;Japanese Grand Prix;27/09/15;5:00:00;27;9;1870
941;2015;15;71;Russian Grand Prix;11/10/15;11:00:00;11;10;1872
942;2015;16;69;United States Grand Prix;25/10/15;19:00:00;25;10;1874
943;2015;17;32;Mexican Grand Prix;01/11/15;19:00:00;1;11;1876
944;2015;18;18;Brazilian Grand Prix;15/11/15;16:00:00;15;11;1878
945;2015;19;24;Abu Dhabi Grand Prix;29/11/15;13:00:00;29;11;1880
948;2016;1;1;Australian Grand Prix;20/03/16;5:00:00;20;3;1884
949;2016;2;3;Bahrain Grand Prix;03/04/16;15:00:00;3;4;1886
950;2016;3;17;Chinese Grand Prix;17/04/16;6:00:00;17;4;1888
951;2016;4;71;Russian Grand Prix;01/05/16;12:00:00;1;5;1890
952;2016;5;4;Spanish Grand Prix;15/05/16;12:00:00;15;5;1892
953;2016;6;6;Monaco Grand Prix;29/05/16;12:00:00;29;5;1894
954;2016;7;7;Canadian Grand Prix;12/06/16;18:00:00;12;6;1896
955;2016;8;73;European Grand Prix;19/06/16;13:00:00;19;6;1898
956;2016;9;70;Austrian Grand Prix;03/07/16;12:00:00;3;7;1900
957;2016;10;9;British Grand Prix;10/07/16;12:00:00;10;7;1902
958;2016;11;11;Hungarian Grand Prix;24/07/16;12:00:00;24;7;1904
959;2016;12;10;German Grand Prix;31/07/16;12:00:00;31;7;1906
960;2016;13;13;Belgian Grand Prix;28/08/16;12:00:00;28;8;1908
961;2016;14;14;Italian Grand Prix;04/09/16;12:00:00;4;9;1910
962;2016;15;15;Singapore Grand Prix;18/09/16;12:00:00;18;9;1912
963;2016;16;2;Malaysian Grand Prix;02/10/16;7:00:00;2;10;1914
964;2016;17;22;Japanese Grand Prix;09/10/16;5:00:00;9;10;1916
965;2016;18;69;United States Grand Prix;23/10/16;19:00:00;23;10;1918
966;2016;19;32;Mexican Grand Prix;30/10/16;19:00:00;30;10;1920
967;2016;20;18;Brazilian Grand Prix;13/11/16;16:00:00;13;11;1922
968;2016;21;24;Abu Dhabi Grand Prix;27/11/16;13:00:00;27;11;1924
969;2017;1;1;Australian Grand Prix;26/03/17;5:00:00;26;3;1926
970;2017;2;17;Chinese Grand Prix;09/04/17;6:00:00;9;4;1928
971;2017;3;3;Bahrain Grand Prix;16/04/17;15:00:00;16;4;1930
972;2017;4;71;Russian Grand Prix;30/04/17;12:00:00;30;4;1932
973;2017;5;4;Spanish Grand Prix;14/05/17;12:00:00;14;5;1934
974;2017;6;6;Monaco Grand Prix;28/05/17;12:00:00;28;5;1936
975;2017;7;7;Canadian Grand Prix;11/06/17;18:00:00;11;6;1938
976;2017;8;73;Azerbaijan Grand Prix;25/06/17;13:00:00;25;6;1940
977;2017;9;70;Austrian Grand Prix;09/07/17;12:00:00;9;7;1942
978;2017;10;9;British Grand Prix;16/07/17;12:00:00;16;7;1944
979;2017;11;11;Hungarian Grand Prix;30/07/17;12:00:00;30;7;1946
980;2017;12;13;Belgian Grand Prix;27/08/17;12:00:00;27;8;1948
981;2017;13;14;Italian Grand Prix;03/09/17;12:00:00;3;9;1950
982;2017;14;15;Singapore Grand Prix;17/09/17;12:00:00;17;9;1952
983;2017;15;2;Malaysian Grand Prix;01/10/17;7:00:00;1;10;1954
984;2017;16;22;Japanese Grand Prix;08/10/17;5:00:00;8;10;1956
985;2017;17;69;United States Grand Prix;22/10/17;19:00:00;22;10;1958
986;2017;18;32;Mexican Grand Prix;29/10/17;19:00:00;29;10;1960
987;2017;19;18;Brazilian Grand Prix;12/11/17;16:00:00;12;11;1962
988;2017;20;24;Abu Dhabi Grand Prix;26/11/17;13:00:00;26;11;1964
989;2018;1;1;Australian Grand Prix;25/03/18;5:10:00;25;3;1966
990;2018;2;3;Bahrain Grand Prix;08/04/18;15:10:00;8;4;1968
991;2018;3;17;Chinese Grand Prix;15/04/18;6:10:00;15;4;1970
992;2018;4;73;Azerbaijan Grand Prix;29/04/18;12:10:00;29;4;1972
993;2018;5;4;Spanish Grand Prix;13/05/18;13:10:00;13;5;1974
994;2018;6;6;Monaco Grand Prix;27/05/18;13:10:00;27;5;1976
995;2018;7;7;Canadian Grand Prix;10/06/18;18:10:00;10;6;1978
996;2018;8;34;French Grand Prix;24/06/18;14:10:00;24;6;1980
997;2018;9;70;Austrian Grand Prix;01/07/18;13:10:00;1;7;1982
998;2018;10;9;British Grand Prix;08/07/18;13:10:00;8;7;1984
999;2018;11;10;German Grand Prix;22/07/18;13:10:00;22;7;1986
1000;2018;12;11;Hungarian Grand Prix;29/07/18;13:10:00;29;7;1988
1001;2018;13;13;Belgian Grand Prix;26/08/18;13:10:00;26;8;1990
1002;2018;14;14;Italian Grand Prix;02/09/18;13:10:00;2;9;1992
1003;2018;15;15;Singapore Grand Prix;16/09/18;12:10:00;16;9;1994
1004;2018;16;71;Russian Grand Prix;30/09/18;11:10:00;30;9;1996
1005;2018;17;22;Japanese Grand Prix;07/10/18;5:10:00;7;10;1998
1006;2018;18;69;United States Grand Prix;21/10/18;18:10:00;21;10;2000
1007;2018;19;32;Mexican Grand Prix;28/10/18;19:10:00;28;10;2002
1008;2018;20;18;Brazilian Grand Prix;11/11/18;17:10:00;11;11;2004
1009;2018;21;24;Abu Dhabi Grand Prix;25/11/18;13:10:00;25;11;2006
1010;2019;1;1;Australian Grand Prix;17/03/19;5:10:00;17;3;2008
1011;2019;2;3;Bahrain Grand Prix;31/03/19;15:10:00;31;3;2010
1012;2019;3;17;Chinese Grand Prix;14/04/19;6:10:00;14;4;2012
1013;2019;4;73;Azerbaijan Grand Prix;28/04/19;12:10:00;28;4;2014
1014;2019;5;4;Spanish Grand Prix;12/05/19;13:10:00;12;5;2016
1015;2019;6;6;Monaco Grand Prix;26/05/19;13:10:00;26;5;2018
1016;2019;7;7;Canadian Grand Prix;09/06/19;18:10:00;9;6;2020
1017;2019;8;34;French Grand Prix;23/06/19;13:10:00;23;6;2022
1018;2019;9;70;Austrian Grand Prix;30/06/19;13:10:00;30;6;2024
1019;2019;10;9;British Grand Prix;14/07/19;13:10:00;14;7;2026
1020;2019;11;10;German Grand Prix;28/07/19;13:10:00;28;7;2028
1021;2019;12;11;Hungarian Grand Prix;04/08/19;13:10:00;4;8;2030
1022;2019;13;13;Belgian Grand Prix;01/09/19;13:10:00;1;9;2032
1023;2019;14;14;Italian Grand Prix;08/09/19;13:10:00;8;9;2034
1024;2019;15;15;Singapore Grand Prix;22/09/19;12:10:00;22;9;2036
1025;2019;16;71;Russian Grand Prix;29/09/19;11:10:00;29;9;2038
1026;2019;17;22;Japanese Grand Prix;13/10/19;5:10:00;13;10;2040
1027;2019;18;32;Mexican Grand Prix;27/10/19;19:10:00;27;10;2042
1028;2019;19;69;United States Grand Prix;03/11/19;19:10:00;3;11;2044
1029;2019;20;18;Brazilian Grand Prix;17/11/19;17:10:00;17;11;2046
1030;2019;21;24;Abu Dhabi Grand Prix;01/12/19;13:10:00;1;12;2048
1031;2020;1;70;Austrian Grand Prix;05/07/20;13:10:00;5;7;2050
1032;2020;2;70;Styrian Grand Prix;12/07/20;13:10:00;12;7;2052
1033;2020;3;11;Hungarian Grand Prix;19/07/20;13:10:00;19;7;2054
1034;2020;4;9;British Grand Prix;02/08/20;13:10:00;2;8;2056
1035;2020;5;9;70th Anniversary Grand Prix;09/08/20;13:10:00;9;8;2058
1036;2020;6;4;Spanish Grand Prix;16/08/20;13:10:00;16;8;2060
1037;2020;7;13;Belgian Grand Prix;30/08/20;13:10:00;30;8;2062
1038;2020;8;14;Italian Grand Prix;06/09/20;13:10:00;6;9;2064
1039;2020;9;76;Tuscan Grand Prix;13/09/20;13:10:00;13;9;2066
1040;2020;10;71;Russian Grand Prix;27/09/20;11:10:00;27;9;2068
1041;2020;11;20;Eifel Grand Prix;11/10/20;13:10:00;11;10;2070
1042;2020;12;75;Portuguese Grand Prix;25/10/20;12:10:00;25;10;2072
1043;2020;13;21;Emilia Romagna Grand Prix;01/11/20;12:10:00;1;11;2074
1044;2020;14;5;Turkish Grand Prix;15/11/20;10:10:00;15;11;2076
1045;2020;15;3;Bahrain Grand Prix;29/11/20;14:10:00;29;11;2078
1046;2020;16;3;Sakhir Grand Prix;06/12/20;17:10:00;6;12;2080
1047;2020;17;24;Abu Dhabi Grand Prix;13/12/20;13:10:00;13;12;2082
1053;2021;2;21;Emilia Romagna Grand Prix;18/04/21;13:00:00;18;4;2089
1074;2022;1;3;Bahrain Grand Prix;20/03/22;15:00:00;20;3;2111
1052;2021;1;3;Bahrain Grand Prix;28/03/21;15:00:00;28;3;2090
1051;2021;20;78;Qatar Grand Prix;21/11/21;14:00:00;21;11;2090
1054;2021;3;75;Portuguese Grand Prix;02/05/21;14:00:00;2;5;2094
1055;2021;4;4;Spanish Grand Prix;09/05/21;13:00:00;9;5;2096
1056;2021;5;6;Monaco Grand Prix;23/05/21;13:00:00;23;5;2098
1057;2021;6;73;Azerbaijan Grand Prix;06/06/21;12:00:00;6;6;2100
1058;2021;8;70;Styrian Grand Prix;27/06/21;13:00:00;27;6;2102
1059;2021;7;34;French Grand Prix;20/06/21;13:00:00;20;6;2104
1060;2021;9;70;Austrian Grand Prix;04/07/21;13:00:00;4;7;2106
1061;2021;10;9;British Grand Prix;18/07/21;14:00:00;18;7;2108
1062;2021;11;11;Hungarian Grand Prix;01/08/21;13:00:00;1;8;2110
1063;2021;12;13;Belgian Grand Prix;29/08/21;13:00:00;29;8;2112
1064;2021;13;39;Dutch Grand Prix;05/09/21;13:00:00;5;9;2114
1065;2021;14;14;Italian Grand Prix;12/09/21;13:00:00;12;9;2116
1066;2021;15;71;Russian Grand Prix;26/09/21;12:00:00;26;9;2118
1067;2021;16;5;Turkish Grand Prix;10/10/21;12:00:00;10;10;2120
1069;2021;17;69;United States Grand Prix;24/10/21;19:00:00;24;10;2123
1070;2021;18;32;Mexico City Grand Prix;07/11/21;19:00:00;7;11;2125
1071;2021;19;18;S??o Paulo Grand Prix;14/11/21;17:00:00;14;11;2127
1072;2021;21;77;Saudi Arabian Grand Prix;05/12/21;17:30:00;5;12;2129
1073;2021;22;24;Abu Dhabi Grand Prix;12/12/21;13:00:00;12;12;2131
1075;2022;2;77;Saudi Arabian Grand Prix;27/03/22;17:00:00;27;3;2134
1076;2022;3;1;Australian Grand Prix;10/04/22;5:00:00;10;4;2136
1077;2022;4;21;Emilia Romagna Grand Prix;24/04/22;13:00:00;24;4;2138
1078;2022;5;79;Miami Grand Prix;08/05/22;19:30:00;8;5;2140
1079;2022;6;4;Spanish Grand Prix;22/05/22;13:00:00;22;5;2142
1080;2022;7;6;Monaco Grand Prix;29/05/22;13:00:00;29;5;2144
1081;2022;8;73;Azerbaijan Grand Prix;12/06/22;11:00:00;12;6;2146
1082;2022;9;7;Canadian Grand Prix;19/06/22;18:00:00;19;6;2148
1083;2022;10;9;British Grand Prix;03/07/22;14:00:00;3;7;2150
1084;2022;11;70;Austrian Grand Prix;10/07/22;13:00:00;10;7;2152
1085;2022;12;34;French Grand Prix;24/07/22;13:00:00;24;7;2154
1086;2022;13;11;Hungarian Grand Prix;31/07/22;13:00:00;31;7;2156
1087;2022;14;13;Belgian Grand Prix;28/08/22;13:00:00;28;8;2158
1088;2022;15;39;Dutch Grand Prix;04/09/22;13:00:00;4;9;2160
1089;2022;16;14;Italian Grand Prix;11/09/22;13:00:00;11;9;2162
1091;2022;17;15;Singapore Grand Prix;02/10/22;12:00:00;2;10;2165
1092;2022;18;22;Japanese Grand Prix;09/10/22;5:00:00;9;10;2167
1093;2022;19;69;United States Grand Prix;23/10/22;19:00:00;23;10;2169
1094;2022;20;32;Mexico City Grand Prix;30/10/22;20:00:00;30;10;2171
1095;2022;21;18;Brazilian Grand Prix;13/11/22;18:00:00;13;11;2173
1096;2022;22;24;Abu Dhabi Grand Prix;20/11/22;13:00:00;20;11;2175
