driverId;driverRef;number;code;fullName;dob;nationality
1;hamilton;44;HAM;Lewis Hamilton;1985-01-07;British
2;heidfeld;\N;HEI;Nick Heidfeld;1977-05-10;German
3;rosberg;6;ROS;Nico Rosberg;1985-06-27;German
4;alonso;14;ALO;Fernando Alonso;1981-07-29;Spanish
5;kovalainen;\N;KOV;Heikki Kovalainen;1981-10-19;Finnish
6;nakajima;\N;NAK;Kazuki Nakajima;1985-01-11;Japanese
7;bourdais;\N;BOU;Sébastien Bourdais;1979-02-28;French
8;raikkonen;7;RAI;Kimi Räikkönen;1979-10-17;Finnish
9;kubica;88;KUB;Robert Kubica;1984-12-07;Polish
10;glock;\N;GLO;Timo Glock;1982-03-18;German
11;sato;\N;SAT;Takuma Sato;1977-01-28;Japanese
12;piquet_jr;\N;PIQ;Nelson Piquet Jr.;1985-07-25;Brazilian
13;massa;19;MAS;Felipe Massa;1981-04-25;Brazilian
14;coulthard;\N;COU;David Coulthard;1971-03-27;British
15;trulli;\N;TRU;Jarno Trulli;1974-07-13;Italian
16;sutil;99;SUT;Adrian Sutil;1983-01-11;German
17;webber;\N;WEB;Mark Webber;1976-08-27;Australian
18;button;22;BUT;Jenson Button;1980-01-19;British
19;davidson;\N;DAV;Anthony Davidson;1979-04-18;British
20;vettel;5;VET;Sebastian Vettel;1987-07-03;German
21;fisichella;\N;FIS;Giancarlo Fisichella;1973-01-14;Italian
22;barrichello;\N;BAR;Rubens Barrichello;1972-05-23;Brazilian
23;ralf_schumacher;\N;SCH;Ralf Schumacher;1975-06-30;German
24;liuzzi;\N;LIU;Vitantonio Liuzzi;1980-08-06;Italian
25;wurz;\N;WUR;Alexander Wurz;1974-02-15;Austrian
26;speed;\N;SPE;Scott Speed;1983-01-24;American
27;albers;\N;ALB;Christijan Albers;1979-04-16;Dutch
28;markus_winkelhock;\N;WIN;Markus Winkelhock;1980-06-13;German
29;yamamoto;\N;YAM;Sakon Yamamoto;1982-07-09;Japanese
30;michael_schumacher;\N;MSC;Michael Schumacher;1969-01-03;German
31;montoya;\N;MON;Juan Pablo Montoya;1975-09-20;Colombian
32;klien;\N;KLI;Christian Klien;1983-02-07;Austrian
33;monteiro;\N;TMO;Tiago Monteiro;1976-07-24;Portuguese
34;ide;\N;IDE;Yuji Ide;1975-01-21;Japanese
35;villeneuve;\N;VIL;Jacques Villeneuve;1971-04-09;Canadian
36;montagny;\N;FMO;Franck Montagny;1978-01-05;French
37;rosa;\N;DLR;Pedro de la Rosa;1971-02-24;Spanish
38;doornbos;\N;DOO;Robert Doornbos;1981-09-23;Dutch
39;karthikeyan;\N;KAR;Narain Karthikeyan;1977-01-14;Indian
40;friesacher;\N;FRI;Patrick Friesacher;1980-09-26;Austrian
41;zonta;\N;ZON;Ricardo Zonta;1976-03-23;Brazilian
42;pizzonia;\N;PIZ;Antônio Pizzonia;1980-09-11;Brazilian
43;matta;\N;\N;Cristiano da Matta;1973-09-19;Brazilian
44;panis;\N;\N;Olivier Panis;1966-09-02;French
45;pantano;\N;\N;Giorgio Pantano;1979-02-04;Italian
46;bruni;\N;\N;Gianmaria Bruni;1981-05-30;Italian
47;baumgartner;\N;\N;Zsolt Baumgartner;1981-01-01;Hungarian
48;gene;\N;\N;Marc Gené;1974-03-29;Spanish
49;frentzen;\N;\N;Heinz-Harald Frentzen;1967-05-18;German
50;verstappen;\N;\N;Jos Verstappen;1972-03-04;Dutch
51;wilson;\N;\N;Justin Wilson;1978-07-31;British
52;firman;\N;\N;Ralph Firman;1975-05-20;Irish
53;kiesa;\N;\N;Nicolas Kiesa;1978-03-03;Danish
54;burti;\N;\N;Luciano Burti;1975-03-05;Brazilian
55;alesi;\N;\N;Jean Alesi;1964-06-11;French
56;irvine;\N;\N;Eddie Irvine;1965-11-10;British
57;hakkinen;\N;\N;Mika Häkkinen;1968-09-28;Finnish
58;marques;\N;\N;Tarso Marques;1976-01-19;Brazilian
59;bernoldi;\N;\N;Enrique Bernoldi;1978-10-19;Brazilian
60;mazzacane;\N;\N;Gastón Mazzacane;1975-05-08;Argentine
61;enge;\N;\N;Tomá¨ Enge;1976-09-11;Czech
62;yoong;\N;\N;Alex Yoong;1976-07-20;Malaysian
63;salo;\N;\N;Mika Salo;1966-11-30;Finnish
64;diniz;\N;\N;Pedro Diniz;1970-05-22;Brazilian
65;herbert;\N;\N;Johnny Herbert;1964-06-25;British
66;mcnish;\N;\N;Allan McNish;1969-12-29;British
67;buemi;\N;BUE;Sébastien Buemi;1988-10-31;Swiss
68;takagi;\N;\N;Toranosuke Takagi;1974-02-12;Japanese
69;badoer;\N;BAD;Luca Badoer;1971-01-25;Italian
70;zanardi;\N;\N;Alessandro Zanardi;1966-10-23;Italian
71;damon_hill;\N;\N;Damon Hill;1960-09-17;British
72;sarrazin;\N;\N;Stéphane Sarrazin;1975-11-02;French
73;rosset;\N;\N;Ricardo Rosset;1968-07-27;Brazilian
74;tuero;\N;\N;Esteban Tuero;1978-04-22;Argentine
75;nakano;\N;\N;Shinji Nakano;1971-04-01;Japanese
76;magnussen;\N;MAG;Jan Magnussen;1973-07-04;Danish
77;berger;\N;\N;Gerhard Berger;1959-08-27;Austrian
78;larini;\N;\N;Nicola Larini;1964-03-19;Italian
79;katayama;\N;\N;Ukyo Katayama;1963-05-29;Japanese
80;sospiri;\N;\N;Vincenzo Sospiri;1966-10-07;Italian
81;morbidelli;\N;\N;Gianni Morbidelli;1968-01-13;Italian
82;fontana;\N;\N;Norberto Fontana;1975-01-20;Argentine
83;lamy;\N;\N;Pedro Lamy;1972-03-20;Portuguese
84;brundle;\N;\N;Martin Brundle;1959-06-01;British
85;montermini;\N;\N;Andrea Montermini;1964-05-30;Italian
86;lavaggi;\N;\N;Giovanni Lavaggi;1958-02-18;Italian
87;blundell;\N;\N;Mark Blundell;1966-04-08;British
88;suzuki;\N;\N;Aguri Suzuki;1960-09-08;Japanese
89;inoue;\N;\N;Taki Inoue;1963-09-05;Japanese
90;moreno;\N;\N;Roberto Moreno;1959-02-11;Brazilian
91;wendlinger;\N;\N;Karl Wendlinger;1968-12-20;Austrian
92;gachot;\N;\N;Bertrand Gachot;1962-12-23;Belgian
93;schiattarella;\N;\N;Domenico Schiattarella;1967-11-17;Italian
94;martini;\N;\N;Pierluigi Martini;1961-04-23;Italian
95;mansell;\N;\N;Nigel Mansell;1953-08-08;British
96;boullion;\N;\N;Jean-Christophe Boullion;1969-12-27;French
97;papis;\N;\N;Massimiliano Papis;1969-10-03;Italian
98;deletraz;\N;\N;Jean-Denis Délétraz;1963-10-01;Swiss
99;tarquini;\N;\N;Gabriele Tarquini;1962-03-02;Italian
100;comas;\N;\N;Érik Comas;1963-09-28;French
101;brabham;\N;\N;David Brabham;1965-09-05;Australian
102;senna;\N;\N;Ayrton Senna;1960-03-21;Brazilian
103;bernard;\N;\N;Éric Bernard;1964-08-24;French
104;fittipaldi;\N;\N;Christian Fittipaldi;1971-01-18;Brazilian
105;alboreto;\N;\N;Michele Alboreto;1956-12-23;Italian
106;beretta;\N;\N;Olivier Beretta;1969-11-23;Monegasque
107;ratzenberger;\N;\N;Roland Ratzenberger;1960-07-04;Austrian
108;belmondo;\N;\N;Paul Belmondo;1963-04-23;French
109;lehto;\N;\N;Jyrki Järvilehto;1966-01-31;Finnish
110;cesaris;\N;\N;Andrea de Cesaris;1959-05-31;Italian
111;gounon;\N;\N;Jean-Marc Gounon;1963-01-01;French
112;alliot;\N;\N;Philippe Alliot;1954-07-27;French
113;adams;\N;\N;Philippe Adams;1969-11-19;Belgian
114;dalmas;\N;\N;Yannick Dalmas;1961-07-28;French
115;noda;\N;\N;Hideki Noda;1969-03-07;Japanese
116;lagorce;\N;\N;Franck Lagorce;1968-09-01;French
117;prost;\N;\N;Alain Prost;1955-02-24;French
118;warwick;\N;\N;Derek Warwick;1954-08-27;British
119;patrese;\N;\N;Riccardo Patrese;1954-04-17;Italian
120;barbazza;\N;\N;Fabrizio Barbazza;1963-04-02;Italian
121;andretti;\N;\N;Michael Andretti;1962-10-05;American
122;capelli;\N;\N;Ivan Capelli;1963-05-24;Italian
123;boutsen;\N;\N;Thierry Boutsen;1957-07-13;Belgian
124;apicella;\N;\N;Marco Apicella;1965-10-07;Italian
125;naspetti;\N;\N;Emanuele Naspetti;1968-02-24;Italian
126;toshio_suzuki;\N;\N;Toshio Suzuki;1955-03-10;Japanese
127;gugelmin;\N;\N;Maurício Gugelmin;1963-04-20;Brazilian
128;poele;\N;\N;Eric van de Poele;1961-09-30;Belgian
129;grouillard;\N;\N;Olivier Grouillard;1958-09-02;French
130;chiesa;\N;\N;Andrea Chiesa;1964-05-06;Swiss
131;modena;\N;\N;Stefano Modena;1963-05-12;Italian
132;amati;\N;\N;Giovanna Amati;1959-07-20;Italian
133;caffi;\N;\N;Alex Caffi;1964-03-18;Italian
134;bertaggia;\N;\N;Enrico Bertaggia;1964-09-19;Italian
135;mccarthy;\N;\N;Perry McCarthy;1961-03-03;British
136;lammers;\N;\N;Jan Lammers;1956-06-02;Dutch
137;piquet;\N;\N;Nelson Piquet;1952-08-17;Brazilian
138;satoru_nakajima;\N;\N;Satoru Nakajima;1953-02-23;Japanese
139;pirro;\N;\N;Emanuele Pirro;1962-01-12;Italian
140;johansson;\N;\N;Stefan Johansson;1956-09-08;Swedish
141;bailey;\N;\N;Julian Bailey;1961-10-09;British
142;chaves;\N;\N;Pedro Chaves;1965-02-27;Portuguese
143;bartels;\N;\N;Michael Bartels;1968-03-08;German
144;hattori;\N;\N;Naoki Hattori;1966-06-13;Japanese
145;nannini;\N;\N;Alessandro Nannini;1959-07-07;Italian
146;schneider;\N;\N;Bernd Schneider;1964-07-20;German
147;barilla;\N;\N;Paolo Barilla;1961-04-20;Italian
148;foitek;\N;\N;Gregor Foitek;1965-03-27;Swiss
149;langes;\N;\N;Claudio Langes;1960-07-20;Italian
150;gary_brabham;\N;\N;Gary Brabham;1961-03-29;Australian
151;donnelly;\N;\N;Martin Donnelly;1964-03-26;British
152;giacomelli;\N;\N;Bruno Giacomelli;1952-09-10;Italian
153;alguersuari;\N;ALG;Jaime Alguersuari;1990-03-23;Spanish
154;grosjean;8;GRO;Romain Grosjean;1986-04-17;French
155;kobayashi;10;KOB;Kamui Kobayashi;1986-09-13;Japanese
156;palmer;\N;\N;Jonathan Palmer;1956-11-07;British
157;danner;\N;\N;Christian Danner;1958-04-04;German
158;cheever;\N;\N;Eddie Cheever;1958-01-10;American
159;sala;\N;\N;Luis Pérez-Sala;1959-05-15;Spanish
160;ghinzani;\N;\N;Piercarlo Ghinzani;1952-01-16;Italian
161;weidler;\N;\N;Volker Weidler;1962-03-18;German
162;raphanel;\N;\N;Pierre-Henri Raphanel;1961-05-27;French
163;arnoux;\N;\N;René Arnoux;1948-07-04;French
164;joachim_winkelhock;\N;\N;Joachim Winkelhock;1960-10-24;German
165;larrauri;\N;\N;Oscar Larrauri;1954-08-19;Argentine
166;streiff;\N;\N;Philippe Streiff;1955-06-26;French
167;campos;\N;\N;Adrián Campos;1960-06-17;Spanish
168;schlesser;\N;\N;Jean-Louis Schlesser;1948-09-12;French
169;fabre;\N;\N;Pascal Fabre;1960-01-09;French
170;fabi;\N;\N;Teo Fabi;1955-03-09;Italian
171;forini;\N;\N;Franco Forini;1958-09-22;Swiss
172;laffite;\N;\N;Jacques Laffite;1943-11-21;French
173;angelis;\N;\N;Elio de Angelis;1958-03-26;Italian
174;dumfries;\N;\N;Johnny Dumfries;1958-04-26;British
175;tambay;\N;\N;Patrick Tambay;1949-06-25;French
176;surer;\N;\N;Marc Surer;1951-09-18;Swiss
177;keke_rosberg;\N;\N;Keke Rosberg;1948-12-06;Finnish
178;jones;\N;\N;Alan Jones;1946-11-02;Australian
179;rothengatter;\N;\N;Huub Rothengatter;1954-10-08;Dutch
180;berg;\N;\N;Allen Berg;1961-08-01;Canadian
181;manfred_winkelhock;\N;\N;Manfred Winkelhock;1951-10-06;German
182;lauda;\N;\N;Niki Lauda;1949-02-22;Austrian
183;hesnault;\N;\N;François Hesnault;1956-12-30;French
184;baldi;\N;\N;Mauro Baldi;1954-01-31;Italian
185;bellof;\N;\N;Stefan Bellof;1957-11-20;German
186;acheson;\N;\N;Kenny Acheson;1957-11-27;British
187;watson;\N;\N;John Watson;1946-05-04;British
188;cecotto;\N;\N;Johnny Cecotto;1956-01-25;Venezuelan
189;gartner;\N;\N;Jo Gartner;1954-01-24;Austrian
190;corrado_fabi;\N;\N;Corrado Fabi;1961-04-12;Italian
191;thackwell;\N;\N;Mike Thackwell;1961-03-30;New Zealander
192;serra;\N;\N;Chico Serra;1957-02-03;Brazilian
193;sullivan;\N;\N;Danny Sullivan;1950-03-09;American
194;salazar;\N;\N;Eliseo Salazar;1954-11-14;Chilean
195;guerrero;\N;\N;Roberto Guerrero;1958-11-16;Colombian
196;boesel;\N;\N;Raul Boesel;1957-12-04;Brazilian
197;jarier;\N;\N;Jean-Pierre Jarier;1946-07-10;French
198;villeneuve_sr;\N;\N;Jacques Villeneuve Sr.;1953-11-04;Canadian
199;reutemann;\N;\N;Carlos Reutemann;1942-04-12;Argentine
200;mass;\N;\N;Jochen Mass;1946-09-30;German
201;borgudd;\N;\N;Slim Borgudd;1946-11-25;Swedish
202;pironi;\N;\N;Didier Pironi;1952-03-26;French
203;gilles_villeneuve;\N;\N;Gilles Villeneuve;1950-01-18;Canadian
204;paletti;\N;\N;Riccardo Paletti;1958-06-15;Italian
205;henton;\N;\N;Brian Henton;1946-09-19;British
206;daly;\N;\N;Derek Daly;1953-03-11;Irish
207;mario_andretti;\N;\N;Mario Andretti;1940-02-28;American
208;villota;\N;\N;Emilio de Villota;1946-07-26;Spanish
209;lees;\N;\N;Geoff Lees;1951-05-01;British
210;byrne;\N;\N;Tommy Byrne;1958-05-06;Irish
211;keegan;\N;\N;Rupert Keegan;1955-02-26;British
212;rebaque;\N;\N;Hector Rebaque;1956-02-05;Mexican
213;gabbiani;\N;\N;Beppe Gabbiani;1957-01-02;Italian
214;cogan;\N;\N;Kevin Cogan;1956-03-31;American
215;guerra;\N;\N;Miguel Ángel Guerra;1953-08-31;Argentine
216;stohr;\N;\N;Siegfried Stohr;1952-10-10;Italian
217;zunino;\N;\N;Ricardo Zunino;1949-04-13;Argentine
218;londono;\N;\N;Ricardo Londoño;1949-08-08;Colombian
219;jabouille;\N;\N;Jean-Pierre Jabouille;1942-10-01;French
220;francia;\N;\N;Giorgio Francia;1947-11-08;Italian
221;depailler;\N;\N;Patrick Depailler;1944-08-09;French
222;scheckter;\N;\N;Jody Scheckter;1950-01-29;South African
223;regazzoni;\N;\N;Clay Regazzoni;1939-09-05;Swiss
224;emerson_fittipaldi;\N;\N;Emerson Fittipaldi;1946-12-12;Brazilian
225;kennedy;\N;\N;Dave Kennedy;1953-01-15;Irish
226;south;\N;\N;Stephen South;1952-02-19;British
227;needell;\N;\N;Tiff Needell;1951-10-29;British
228;desire_wilson;\N;\N;Desiré Wilson;1953-11-26;South African
229;ertl;\N;\N;Harald Ertl;1948-08-31;Austrian
230;brambilla;\N;\N;Vittorio Brambilla;1937-11-11;Italian
231;hunt;\N;\N;James Hunt;1947-08-29;British
232;merzario;\N;\N;Arturo Merzario;1943-03-11;Italian
233;stuck;\N;\N;Hans-Joachim Stuck;1951-01-01;German
234;brancatelli;\N;\N;Gianfranco Brancatelli;1950-01-18;Italian
235;ickx;\N;\N;Jacky Ickx;1945-01-01;Belgian
236;gaillard;\N;\N;Patrick Gaillard;1952-02-12;French
237;ribeiro;\N;\N;Alex Ribeiro;1948-11-07;Brazilian
238;peterson;\N;\N;Ronnie Peterson;1944-02-14;Swedish
239;lunger;\N;\N;Brett Lunger;1945-11-14;American
240;ongais;\N;\N;Danny Ongais;1942-05-21;American
241;leoni;\N;\N;Lamberto Leoni;1953-05-24;Italian
242;galica;\N;\N;Divina Galica;1944-08-13;British
243;stommelen;\N;\N;Rolf Stommelen;1943-07-11;German
244;colombo;\N;\N;Alberto Colombo;1946-02-23;Italian
245;trimmer;\N;\N;Tony Trimmer;1943-01-24;British
246;binder;\N;\N;Hans Binder;1948-06-12;Austrian
247;bleekemolen;\N;\N;Michael Bleekemolen;1949-10-02;Dutch
248;gimax;\N;\N;Carlo Franchi;1938-01-01;Italian
249;rahal;\N;\N;Bobby Rahal;1953-01-10;American
250;pace;\N;\N;Carlos Pace;1944-10-06;Brazilian
251;ian_scheckter;\N;\N;Ian Scheckter;1947-08-22;South African
252;pryce;\N;\N;Tom Pryce;1949-06-11;British
253;hoffmann;\N;\N;Ingo Hoffmann;1953-02-28;Brazilian
254;zorzi;\N;\N;Renzo Zorzi;1946-12-12;Italian
255;nilsson;\N;\N;Gunnar Nilsson;1948-11-20;Swedish
256;perkins;\N;\N;Larry Perkins;1950-03-18;Australian
257;hayje;\N;\N;Boy Lunger;1949-05-03;Dutch
258;neve;\N;\N;Patrick Nève;1949-10-13;Belgian
259;purley;\N;\N;David Purley;1945-01-26;British
260;andersson;\N;\N;Conny Andersson;1939-12-28;Swedish
261;dryver;\N;\N;Bernard de Dryver;1952-09-19;Belgian
262;oliver;\N;\N;Jackie Oliver;1942-08-14;British
263;kozarowitzky;\N;\N;Mikko Kozarowitzky;1948-05-17;Finnish
264;sutcliffe;\N;\N;Andy Sutcliffe;1947-05-09;British
265;edwards;\N;\N;Guy Edwards;1942-12-30;British
266;mcguire;\N;\N;Brian McGuire;1945-12-13;Australian
267;schuppan;\N;\N;Vern Schuppan;1943-03-19;Australian
268;heyer;\N;\N;Hans Heyer;1943-03-16;German
269;pilette;\N;\N;Teddy Pilette;1942-07-26;Belgian
270;ashley;\N;\N;Ian Ashley;1947-10-26;British
271;kessel;\N;\N;Loris Kessel;1950-04-01;Swiss
272;takahashi;\N;\N;Kunimitsu Takahashi;1940-01-29;Japanese
273;hoshino;\N;\N;Kazuyoshi Hoshino;1947-07-01;Japanese
274;takahara;\N;\N;Noritake Takahara;1951-06-06;Japanese
275;lombardi;\N;\N;Lella Lombardi;1941-03-26;Italian
276;evans;\N;\N;Bob Evans;1947-06-11;British
277;leclere;\N;\N;Michel Leclère;1946-03-18;French
278;amon;\N;\N;Chris Amon;1943-07-20;New Zealander
279;zapico;\N;\N;Emilio Zapico;1944-05-27;Spanish
280;pescarolo;\N;\N;Henri Pescarolo;1942-09-25;French
281;nelleman;\N;\N;Jac Nelleman;1944-04-19;Danish
282;magee;\N;\N;Damien Magee;1945-11-17;British
283;wilds;\N;\N;Mike Wilds;1946-01-07;British
284;pesenti_rossi;\N;\N;Alessandro Pesenti-Rossi;1942-08-31;Italian
285;stuppacher;\N;\N;Otto Stuppacher;1947-03-03;Austrian
286;brown;\N;\N;Warwick Brown;1949-12-24;Australian
287;hasemi;\N;\N;Masahiro Hasemi;1945-11-13;Japanese
288;donohue;\N;\N;Mark Donohue;1937-03-18;American
289;hill;\N;\N;Graham Hill;1929-02-15;British
290;wilson_fittipaldi;\N;\N;Wilson Fittipaldi;1943-12-25;Brazilian
291;tunmer;\N;\N;Guy Tunmer;1948-12-01;South African
292;keizan;\N;\N;Eddie Keizan;1944-09-12;South African
293;charlton;\N;\N;Dave Charlton;1936-10-27;South African
294;brise;\N;\N;Tony Brise;1952-03-28;British
295;wunderink;\N;\N;Roelof Wunderink;1948-12-12;Dutch
296;migault;\N;\N;François Migault;1944-12-04;French
297;palm;\N;\N;Torsten Palm;1947-07-23;Swedish
298;lennep;\N;\N;Gijs van Lennep;1942-03-16;Dutch
299;fushida;\N;\N;Hiroshi Fushida;1946-03-10;Japanese
300;nicholson;\N;\N;John Nicholson;1941-10-06;New Zealander
301;morgan;\N;\N;Dave Morgan;1944-08-07;British
302;crawford;\N;\N;Jim Crawford;1948-02-13;British
303;vonlanthen;\N;\N;Jo Vonlanthen;1942-05-31;Swiss
304;hulme;\N;\N;Denny Hulme;1936-06-18;New Zealander
305;hailwood;\N;\N;Mike Hailwood;1940-04-02;British
306;beltoise;\N;\N;Jean-Pierre Beltoise;1937-04-26;French
307;ganley;\N;\N;Howden Ganley;1941-12-24;New Zealander
308;robarts;\N;\N;Richard Robarts;1944-09-22;British
309;revson;\N;\N;Peter Revson;1939-02-27;American
310;driver;\N;\N;Paddy Driver;1934-05-13;South African
311;belso;\N;\N;Tom Belsø;1942-08-27;Danish
312;redman;\N;\N;Brian Redman;1937-03-09;British
313;opel;\N;\N;Rikky von Opel;1947-10-14;Liechtensteiner
314;schenken;\N;\N;Tim Schenken;1943-09-26;Australian
315;larrousse;\N;\N;Gérard Larrousse;1940-05-23;French
316;kinnunen;\N;\N;Leo Kinnunen;1943-08-05;Finnish
317;wisell;\N;\N;Reine Wisell;1941-09-30;Swedish
318;roos;\N;\N;Bertil Roos;1943-10-12;Swedish
319;dolhem;\N;\N;José Dolhem;1944-04-26;French
320;gethin;\N;\N;Peter Gethin;1940-02-21;British
321;bell;\N;\N;Derek Bell;1941-10-31;British
322;hobbs;\N;\N;David Hobbs;1939-06-09;British
323;quester;\N;\N;Dieter Quester;1939-05-30;Austrian
324;koinigg;\N;\N;Helmuth Koinigg;1948-11-03;Austrian
325;facetti;\N;\N;Carlo Facetti;1935-06-26;Italian
326;wietzes;\N;\N;Eppie Wietzes;1938-05-28;Canadian
327;cevert;\N;\N;François Cevert;1944-02-25;French
328;stewart;\N;\N;Jackie Stewart;1939-06-11;British
329;beuttler;\N;\N;Mike Beuttler;1940-04-13;British
330;galli;\N;\N;Nanni Galli;1940-10-02;Italian
331;bueno;\N;\N;Luiz Bueno;1937-01-16;Brazilian
332;follmer;\N;\N;George Follmer;1934-01-27;American
333;adamich;\N;\N;Andrea de Adamich;1941-10-03;Italian
334;pretorius;\N;\N;Jackie Pretorius;1934-11-22;South African
335;williamson;\N;\N;Roger Williamson;1948-02-02;British
336;mcrae;\N;\N;Graham McRae;1940-03-05;New Zealander
337;marko;\N;\N;Helmut Marko;1943-04-27;Austrian
338;walker;\N;\N;David Walker;1941-06-10;Australian
339;roig;\N;\N;Alex Soler-Roig;1932-10-29;Spanish
340;love;\N;\N;John Love;1924-12-07;Rhodesian
341;surtees;\N;\N;John Surtees;1934-02-11;British
342;barber;\N;\N;Skip Barber;1936-11-16;American
343;brack;\N;\N;Bill Brack;1935-12-26;Canadian
344;posey;\N;\N;Sam Posey;1944-05-26;American
345;rodriguez;\N;\N;Pedro Rodríguez;1940-01-18;Mexican
346;siffert;\N;\N;Jo Siffert;1936-07-07;Swiss
347;bonnier;\N;\N;Jo Bonnier;1930-01-31;Swedish
348;mazet;\N;\N;François Mazet;1943-02-24;French
349;jean;\N;\N;Max Jean;1943-07-27;French
350;elford;\N;\N;Vic Elford;1935-06-10;British
351;moser;\N;\N;Silvio Moser;1941-04-24;Swiss
352;eaton;\N;\N;George Eaton;1945-11-12;Canadian
353;lovely;\N;\N;Pete Lovely;1926-04-11;American
354;craft;\N;\N;Chris Craft;1939-11-17;British
355;Cannoc;\N;\N;John Cannon;1933-06-21;Canadian
356;jack_brabham;\N;\N;Jack Brabham;1926-04-02;Australian
357;miles;\N;\N;John Miles;1943-06-14;British
358;rindt;\N;\N;Jochen Rindt;1942-04-18;Austrian
359;gavin;\N;\N;Johnny Servoz-Gavin;1942-01-18;French
360;mclaren;\N;\N;Bruce McLaren;1937-08-30;New Zealander
361;courage;\N;\N;Piers Courage;1942-05-27;British
362;klerk;\N;\N;Peter de Klerk;1935-03-16;South African
363;giunti;\N;\N;Ignazio Giunti;1941-08-30;Italian
364;gurney;\N;\N;Dan Gurney;1931-04-13;American
365;hahne;\N;\N;Hubert Hahne;1935-03-28;German
366;hutchison;\N;\N;Gus Hutchison;1937-04-26;American
367;westbury;\N;\N;Peter Westbury;1938-05-26;British
368;tingle;\N;\N;Sam Tingle;1921-08-24;Rhodesian
369;rooyen;\N;\N;Basil van Rooyen;1939-04-19;South African
370;attwood;\N;\N;Richard Attwood;1940-04-04;British
371;pease;\N;\N;Al Pease;1921-10-15;Canadian
372;cordts;\N;\N;John Cordts;1935-07-23;Canadian
373;clark;\N;\N;Jim Clark;1936-03-04;British
374;spence;\N;\N;Mike Spence;1936-12-30;British
375;scarfiotti;\N;\N;Ludovico Scarfiotti;1933-10-18;Italian
376;bianchi;\N;BIA;Lucien Bianchi;1934-11-10;Belgian
377;jo_schlesser;\N;\N;Jo Schlesser;1928-05-18;French
378;widdows;\N;\N;Robin Widdows;1942-05-27;British
379;ahrens;\N;\N;Kurt Ahrens;1940-04-19;German
380;gardner;\N;\N;Frank Gardner;1930-10-01;Australian
381;unser;\N;\N;Bobby Unser;1934-02-20;American
382;solana;\N;\N;Moisés Solana;1935-12-26;Mexican
383;anderson;\N;\N;Bob Anderson;1931-05-19;British
384;botha;\N;\N;Luki Botha;1930-01-16;South African
385;bandini;\N;\N;Lorenzo Bandini;1935-12-21;Italian
386;ginther;\N;\N;Richie Ginther;1930-08-05;American
387;parkes;\N;\N;Mike Parkes;1931-09-24;British
388;irwin;\N;\N;Chris Irwin;1942-06-27;British
389;ligier;\N;\N;Guy Ligier;1930-07-12;French
390;rees;\N;\N;Alan Rees;1938-01-12;British
391;hart;\N;\N;Brian Hart;1936-09-07;British
392;fisher;\N;\N;Mike Fisher;1943-03-13;American
393;tom_jones;\N;\N;Tom Jones;1943-04-26;American
394;baghetti;\N;\N;Giancarlo Baghetti;1934-12-25;Italian
395;williams;\N;\N;Jonathan Williams;1942-10-26;British
396;bondurant;\N;\N;Bob Bondurant;1933-04-27;American
397;arundell;\N;\N;Peter Arundell;1933-11-08;British
398;vic_wilson;\N;\N;Vic Wilson;1931-04-14;British
399;taylor;\N;\N;John Taylor;1933-03-23;British
400;lawrence;\N;\N;Chris Lawrence;1933-07-27;British
401;trevor_taylor;\N;\N;Trevor Taylor;1936-12-26;British
402;geki;\N;\N;Giacomo Russo;1937-10-23;Italian
403;phil_hill;\N;\N;Phil Hill;1927-04-20;American
404;ireland;\N;\N;Innes Ireland;1930-06-12;British
405;bucknum;\N;\N;Ronnie Bucknum;1936-04-05;American
406;hawkins;\N;\N;Paul Hawkins;1937-10-12;Australian
407;prophet;\N;\N;David Prophet;1937-10-09;British
408;maggs;\N;\N;Tony Maggs;1937-02-09;South African
409;blokdyk;\N;\N;Trevor Blokdyk;1935-11-30;South African
410;lederle;\N;\N;Neville Lederle;1938-09-25;South African
411;serrurier;\N;\N;Doug Serrurier;1920-12-09;South African
412;niemann;\N;\N;Brausch Niemann;1939-01-07;South African
413;pieterse;\N;\N;Ernie Pieterse;1938-07-04;South African
414;puzey;\N;\N;Clive Puzey;1941-07-11;Rhodesian
415;reed;\N;\N;Ray Reed;1932-04-30;South African
416;clapham;\N;\N;David Clapham;1931-05-18;South African
417;blignaut;\N;\N;Alex Blignaut;1932-11-30;South African
418;gregory;\N;\N;Masten Gregory;1932-02-29;American
419;rhodes;\N;\N;John Rhodes;1927-08-18;British
420;raby;\N;\N;Ian Raby;1921-09-22;British
421;rollinson;\N;\N;Alan Rollinson;1943-05-15;British
422;gubby;\N;\N;Brian Gubby;1934-04-17;British
423;mitter;\N;\N;Gerhard Mitter;1935-08-30;German
424;bussinello;\N;\N;Roberto Bussinello;1927-10-04;Italian
425;vaccarella;\N;\N;Nino Vaccarella;1933-03-04;Italian
426;bassi;\N;\N;Giorgio Bassi;1934-01-20;Italian
427;trintignant;\N;\N;Maurice Trintignant;1917-10-30;French
428;collomb;\N;\N;Bernard Collomb;1930-10-07;French
429;andre_pilette;\N;\N;André Pilette;1918-10-06;Belgian
430;beaufort;\N;\N;Carel Godin de Beaufort;1934-04-10;Dutch
431;barth;\N;\N;Edgar Barth;1917-01-26;German
432;cabral;\N;\N;Mário de Araújo Cabral;1934-01-15;Portuguese
433;hansgen;\N;\N;Walt Hansgen;1919-10-28;American
434;sharp;\N;\N;Hap Sharp;1928-01-01;American
435;mairesse;\N;\N;Willy Mairesse;1928-10-01;Belgian
436;campbell-jones;\N;\N;John Campbell-Jones;1930-01-21;British
437;burgess;\N;\N;Ian Burgess;1930-07-06;British
438;settember;\N;\N;Tony Settember;1926-07-10;American
439;estefano;\N;\N;Nasif Estéfano;1932-11-18;Argentine
440;hall;\N;\N;Jim Hall;1935-07-23;American
441;parnell;\N;\N;Tim Parnell;1932-06-25;British
442;kuhnke;\N;\N;Kurt Kuhnke;1910-04-30;German
443;ernesto_brambilla;\N;\N;Ernesto Brambilla;1934-01-31;Italian
444;lippi;\N;\N;Roberto Lippi;1926-10-17;Italian
445;seiffert;\N;\N;Günther Seiffert;1937-10-18;German
446;abate;\N;\N;Carlo Abate;1932-07-10;Italian
447;starrabba;\N;\N;Gaetano Starrabba;1932-12-03;Italian
448;broeker;\N;\N;Peter Broeker;1926-05-15;Canadian
449;ward;\N;\N;Rodger Ward;1921-01-10;American
450;vos;\N;\N;Ernie de Vos;1941-07-01;Dutch
451;dochnal;\N;\N;Frank Dochnal;1920-10-08;American
452;monarch;\N;\N;Thomas Monarch;1945-09-03;American
842;gasly;10;GAS;Pierre Gasly;1996-02-07;French
453;lewis;\N;\N;Jackie Lewis;1936-11-01;British
454;ricardo_rodriguez;\N;\N;Ricardo Rodríguez;1942-02-14;Mexican
455;seidel;\N;\N;Wolfgang Seidel;1926-07-04;German
456;salvadori;\N;\N;Roy Salvadori;1922-05-12;British
457;pon;\N;\N;Ben Pon;1936-12-09;Dutch
458;slotemaker;\N;\N;Rob Slotemaker;1929-06-13;Dutch
459;marsh;\N;\N;Tony Marsh;1931-07-20;British
460;ashmore;\N;\N;Gerry Ashmore;1936-07-25;British
461;schiller;\N;\N;Heinz Schiller;1930-01-25;Swiss
462;davis;\N;\N;Colin Davis;1933-07-29;British
463;chamberlain;\N;\N;Jay Chamberlain;1925-12-29;American
464;shelly;\N;\N;Tony Shelly;1937-02-02;New Zealander
465;greene;\N;\N;Keith Greene;1938-01-05;British
466;walter;\N;\N;Heini Walter;1927-07-28;Swiss
467;prinoth;\N;\N;Ernesto Prinoth;1923-04-15;Italian
468;penske;\N;\N;Roger Penske;1937-02-20;American
469;schroeder;\N;\N;Rob Schroeder;1926-05-11;British
470;mayer;\N;\N;Timmy Mayer;1938-02-22;American
471;johnstone;\N;\N;Bruce Johnstone;1937-01-30;South African
472;harris;\N;\N;Mike Harris;1939-05-25;South African
473;hocking;\N;\N;Gary Hocking;1937-09-30;Rhodesian
474;vyver;\N;\N;Syd van der Vyver;1920-06-01;South African
475;moss;\N;\N;Stirling Moss;1929-09-17;British
476;trips;\N;\N;Wolfgang von Trips;1928-05-04;German
477;allison;\N;\N;Cliff Allison;1932-02-08;British
478;herrmann;\N;\N;Hans Herrmann;1928-02-23;German
479;brooks;\N;\N;Tony Brooks;1932-02-25;British
480;may;\N;\N;Michael May;1934-08-18;Swiss
481;henry_taylor;\N;\N;Henry Taylor;1932-12-16;British
482;gendebien;\N;\N;Olivier Gendebien;1924-01-12;Belgian
483;scarlatti;\N;\N;Giorgio Scarlatti;1921-10-02;Italian
484;naylor;\N;\N;Brian Naylor;1923-03-24;British
485;bordeu;\N;\N;Juan Manuel Bordeu;1934-01-28;Argentine
486;fairman;\N;\N;Jack Fairman;1913-03-15;British
487;natili;\N;\N;Massimo Natili;1935-07-28;Italian
488;monteverdi;\N;\N;Peter Monteverdi;1934-06-07;Swiss
489;pirocchi;\N;\N;Renato Pirocchi;1933-03-26;Italian
490;duke;\N;\N;Geoff Duke;1923-03-29;British
491;thiele;\N;\N;Alfonso Thiele;1920-04-05;American-Italian
492;boffa;\N;\N;Menato Boffa;1930-01-04;Italian
493;ryan;\N;\N;Peter Ryan;1940-06-10;Canadian
494;ruby;\N;\N;Lloyd Ruby;1928-01-12;American
495;ken_miles;\N;\N;Ken Miles;1918-11-01;British
496;menditeguy;\N;\N;Carlos Menditeguy;1914-08-10;Argentine
497;larreta;\N;\N;Alberto Rodriguez Larreta;1934-01-14;Argentine
498;gonzalez;\N;\N;José Froilán González;1922-10-05;Argentine
499;bonomi;\N;\N;Roberto Bonomi;1919-09-30;Argentine
500;munaron;\N;\N;Gino Munaron;1928-04-02;Italian
501;schell;\N;\N;Harry Schell;1921-06-29;American
502;stacey;\N;\N;Alan Stacey;1933-08-29;British
503;chimeri;\N;\N;Ettore Chimeri;1921-06-04;Venezuelan
504;creus;\N;\N;Antonio Creus;1924-10-28;Spanish
505;bristow;\N;\N;Chris Bristow;1937-12-02;British
506;halford;\N;\N;Bruce Halford;1931-05-18;British
507;daigh;\N;\N;Chuck Daigh;1923-11-29;American
508;reventlow;\N;\N;Lance Reventlow;1936-02-24;American
509;rathmann;\N;\N;Jim Rathmann;1928-07-16;American
510;goldsmith;\N;\N;Paul Goldsmith;1925-10-02;American
511;branson;\N;\N;Don Branson;1920-06-02;American
512;thomson;\N;\N;Johnny Thomson;1922-04-09;American
513;johnson;\N;\N;Eddie Johnson;1919-02-10;American
514;veith;\N;\N;Bob Veith;1926-11-01;American
515;tingelstad;\N;\N;Bud Tingelstad;1928-04-04;American
516;christie;\N;\N;Bob Christie;1924-04-04;American
517;amick;\N;\N;Red Amick;1929-01-19;American
518;darter;\N;\N;Duane Carter;1913-05-05;American
519;homeier;\N;\N;Bill Homeier;1918-08-31;American
520;hartley;\N;\N;Gene Hartley;1926-01-28;American
521;stevenson;\N;\N;Chuck Stevenson;1919-10-15;American
522;grim;\N;\N;Bobby Grim;1924-09-04;American
523;templeman;\N;\N;Shorty Templeman;1919-08-12;American
524;hurtubise;\N;\N;Jim Hurtubise;1932-12-05;American
525;bryan;\N;\N;Jimmy Bryan;1926-01-28;American
526;ruttman;\N;\N;Troy Ruttman;1930-03-11;American
527;sachs;\N;\N;Eddie Sachs;1927-05-28;American
528;freeland;\N;\N;Don Freeland;1925-03-25;American
529;bettenhausen;\N;\N;Tony Bettenhausen;1916-09-12;American
530;weiler;\N;\N;Wayne Weiler;1934-12-09;American
531;foyt;\N;\N;Anthony Foyt;1935-01-16;American
532;russo;\N;\N;Eddie Russo;1925-11-19;American
533;boyd;\N;\N;Johnny Boyd;1926-08-19;American
534;force;\N;\N;Gene Force;1916-06-15;American
535;mcwithey;\N;\N;Jim McWithey;1927-07-04;American
536;sutton;\N;\N;Len Sutton;1925-08-09;American
537;dick_rathmann;\N;\N;Dick Rathmann;1924-01-06;American
538;herman;\N;\N;Al Herman;1927-03-15;American
539;dempsey_wilson;\N;\N;Dempsey Wilson;1927-03-11;American
540;mike_taylor;\N;\N;Mike Taylor;1934-04-24;British
541;flockhart;\N;\N;Ron Flockhart;1923-06-16;British
542;piper;\N;\N;David Piper;1930-12-02;British
543;cabianca;\N;\N;Giulio Cabianca;1923-02-19;Italian
544;drogo;\N;\N;Piero Drogo;1926-08-08;Italian
545;gamble;\N;\N;Fred Gamble;1932-03-17;American
546;owen;\N;\N;Arthur Owen;1915-03-23;British
547;gould;\N;\N;Horace Gould;1918-09-20;British
548;drake;\N;\N;Bob Drake;1919-12-14;American
549;bueb;\N;\N;Ivor Bueb;1923-06-06;British
550;Changy;\N;\N;Alain de Changy;1922-02-05;Belgian
551;filippis;\N;\N;Maria de Filippis;1926-11-11;Italian
552;lucienbonnet;\N;\N;Jean Lucienbonnet;1923-01-07;French
553;testut;\N;\N;André Testut;1926-04-13;Monegasque
554;behra;\N;\N;Jean Behra;1921-02-16;French
555;paul_russo;\N;\N;Paul Russo;1914-04-10;American
556;daywalt;\N;\N;Jimmy Daywalt;1924-08-28;American
557;arnold;\N;\N;Chuck Arnold;1926-05-30;American
558;keller;\N;\N;Al Keller;1920-04-11;American
559;flaherty;\N;\N;Pat Flaherty;1926-01-06;American
560;cheesbourg;\N;\N;Bill Cheesbourg;1927-06-12;American
561;ray_crawford;\N;\N;Ray Crawford;1915-10-26;American
562;turner;\N;\N;Jack Turner;1920-02-12;American
563;weyant;\N;\N;Chuck Weyant;1923-04-03;American
564;larson;\N;\N;Jud Larson;1923-01-21;American
565;magill;\N;\N;Mike Magill;1920-02-08;American
566;shelby;\N;\N;Carroll Shelby;1923-01-11;American
567;orey;\N;\N;Fritz d'Orey;1938-03-25;Brazilian
568;fontes;\N;\N;Azdrubal Fontes;1922-12-26;Uruguayan
569;ashdown;\N;\N;Peter Ashdown;1934-10-16;British
570;bill_moss;\N;\N;Bill Moss;1933-09-04;British
571;dennis_taylor;\N;\N;Dennis Taylor;1921-06-12;British
572;blanchard;\N;\N;Harry Blanchard;1929-06-13;American
573;tomaso;\N;\N;Alessandro de Tomaso;1928-07-10;Argentine-Italian
574;constantine;\N;\N;George Constantine;1918-02-22;American
575;said;\N;\N;Bob Said;1932-05-05;American
576;cade;\N;\N;Phil Cade;1916-06-12;American
577;musso;\N;\N;Luigi Musso;1924-07-28;Italian
578;hawthorn;\N;\N;Mike Hawthorn;1929-04-10;British
579;fangio;\N;\N;Juan Fangio;1911-06-24;Argentine
580;godia;\N;\N;Paco Godia;1921-03-21;Spanish
581;collins;\N;\N;Peter Collins;1931-11-06;British
582;kavanagh;\N;\N;Ken Kavanagh;1923-12-12;Australian
583;gerini;\N;\N;Gerino Gerini;1928-08-10;Italian
584;kessler;\N;\N;Bruce Kessler;1936-03-23;American
585;emery;\N;\N;Paul Emery;1916-11-12;British
586;piotti;\N;\N;Luigi Piotti;1913-10-27;Italian
587;ecclestone;\N;\N;Bernie Ecclestone;1930-10-28;British
588;taramazzo;\N;\N;Luigi Taramazzo;1932-05-05;Italian
589;chiron;\N;\N;Louis Chiron;1899-08-03;Monegasque
590;lewis-evans;\N;\N;Stuart Lewis-Evans;1930-04-20;British
591;george_amick;\N;\N;George Amick;1924-10-24;American
592;reece;\N;\N;Jimmy Reece;1929-11-17;American
593;parsons;\N;\N;Johnnie Parsons;1918-07-04;American
594;tolan;\N;\N;Johnnie Tolan;1917-10-22;American
595;garrett;\N;\N;Billy Garrett;1933-04-24;American
596;elisian;\N;\N;Ed Elisian;1926-12-09;American
597;connor;\N;\N;Pat O'Connor;1928-10-09;American
598;jerry_unser;\N;\N;Jerry Unser;1932-11-15;American
599;bisch;\N;\N;Art Bisch;1926-11-10;American
600;goethals;\N;\N;Christian Goethals;1928-08-04;Belgian
601;gibson;\N;\N;Dick Gibson;1918-04-16;British
602;la_caze;\N;\N;Robert La Caze;1917-02-26;French
603;guelfi;\N;\N;André Guelfi;1919-05-06;French
604;picard;\N;\N;François Picard;1921-04-26;French
605;bridger;\N;\N;Tom Bridger;1934-06-24;British
606;portago;\N;\N;Alfonso de Portago;1928-10-11;Spanish
607;perdisa;\N;\N;Cesare Perdisa;1932-10-21;Italian
608;castellotti;\N;\N;Eugenio Castellotti;1930-10-10;Italian
609;simon;\N;\N;André Simon;1920-01-05;French
610;leston;\N;\N;Les Leston;1920-12-16;British
611;hanks;\N;\N;Sam Hanks;1914-07-13;American
612;linden;\N;\N;Andy Linden;1922-04-05;American
613;teague;\N;\N;Marshall Teague;1921-02-22;American
614;edmunds;\N;\N;Don Edmunds;1930-09-23;American
615;agabashian;\N;\N;Fred Agabashian;1913-08-21;American
616;george;\N;\N;Elmer George;1928-07-15;American
617;macdowel;\N;\N;Mike MacDowel;1932-09-13;British
618;mackay-fraser;\N;\N;Herbert MacKay-Fraser;1927-06-23;American
619;gerard;\N;\N;Bob Gerard;1914-01-19;British
620;maglioli;\N;\N;Umberto Maglioli;1928-06-05;Italian
621;england;\N;\N;Paul England;1929-03-28;Australian
622;landi;\N;\N;Chico Landi;1907-07-14;Brazilian
623;uria;\N;\N;Alberto Uria;1924-07-11;Uruguayan
624;ramos;\N;\N;Hernando da Silva Ramos;1925-12-07;Brazilian
625;bayol;\N;\N;Élie Bayol;1914-02-28;French
626;manzon;\N;\N;Robert Manzon;1917-04-12;French
627;rosier;\N;\N;Louis Rosier;1905-11-05;French
628;sweikert;\N;\N;Bob Sweikert;1926-05-20;American
629;griffith;\N;\N;Cliff Griffith;1916-02-06;American
630;dinsmore;\N;\N;Duke Dinsmore;1913-04-10;American
631;andrews;\N;\N;Keith Andrews;1920-06-15;American
632;frere;\N;\N;Paul Frère;1917-01-30;Belgian
633;villoresi;\N;\N;Luigi Villoresi;1909-05-16;Italian
634;scotti;\N;\N;Piero Scotti;1909-11-11;Italian
635;chapman;\N;\N;Colin Chapman;1928-05-19;British
636;titterington;\N;\N;Desmond Titterington;1928-05-01;British
637;scott_Brown;\N;\N;Archie Scott Brown;1927-05-13;British
638;volonterio;\N;\N;Ottorino Volonterio;1917-12-07;Swiss
639;milhoux;\N;\N;André Milhoux;1928-12-09;Belgian
640;graffenried;\N;\N;Toulo de Graffenried;1914-05-18;Swiss
641;taruffi;\N;\N;Piero Taruffi;1906-10-12;Italian
642;farina;\N;\N;Nino Farina;1906-10-30;Italian
643;mieres;\N;\N;Roberto Mieres;1924-12-03;Argentine
644;mantovani;\N;\N;Sergio Mantovani;1929-05-22;Italian
645;bucci;\N;\N;Clemar Bucci;1920-09-04;Argentine
646;iglesias;\N;\N;Jesús Iglesias;1922-02-22;Argentine
647;ascari;\N;\N;Alberto Ascari;1918-07-13;Italian
648;kling;\N;\N;Karl Kling;1910-09-16;German
649;birger;\N;\N;Pablo Birger;1924-01-07;Argentine
650;pollet;\N;\N;Jacques Pollet;1922-07-02;French
651;macklin;\N;\N;Lance Macklin;1919-09-02;British
652;whiteaway;\N;\N;Ted Whiteaway;1928-11-01;British
653;davies;\N;\N;Jimmy Davies;1929-08-08;American
654;faulkner;\N;\N;Walt Faulkner;1920-02-16;American
655;niday;\N;\N;Cal Niday;1914-04-29;American
656;cross;\N;\N;Art Cross;1918-01-24;American
657;vukovich;\N;\N;Bill Vukovich;1918-12-13;American
658;mcgrath;\N;\N;Jack McGrath;1919-10-08;American
659;hoyt;\N;\N;Jerry Hoyt;1929-01-29;American
660;claes;\N;\N;Johnny Claes;1916-08-11;Belgian
661;peter_walker;\N;\N;Peter Walker;1912-10-07;British
662;sparken;\N;\N;Mike Sparken;1930-06-16;French
663;wharton;\N;\N;Ken Wharton;1916-03-21;British
664;mcalpine;\N;\N;Kenneth McAlpine;1920-09-21;British
665;marr;\N;\N;Leslie Marr;1922-08-14;British
666;rolt;\N;\N;Tony Rolt;1918-10-16;British
667;fitch;\N;\N;John Fitch;1917-08-04;American
668;lucas;\N;\N;Jean Lucas;1917-04-25;French
669;bira;\N;\N;Prince Bira;1914-07-15;Thai
670;marimon;\N;\N;Onofre Marimón;1923-12-19;Argentine
671;loyer;\N;\N;Roger Loyer;1907-08-05;French
672;daponte;\N;\N;Jorge Daponte;1923-06-05;Argentine
673;nazaruk;\N;\N;Mike Nazaruk;1921-10-02;American
674;crockett;\N;\N;Larry Crockett;1926-10-23;American
675;ayulo;\N;\N;Manny Ayulo;1921-10-20;American
676;armi;\N;\N;Frank Armi;1918-10-12;American
677;webb;\N;\N;Travis Webb;1910-10-08;American
678;duncan;\N;\N;Len Duncan;1911-07-25;American
679;mccoy;\N;\N;Ernie McCoy;1921-02-19;American
680;swaters;\N;\N;Jacques Swaters;1926-10-30;American
681;georges_berger;\N;\N;Georges Berger;1918-09-14;Belgian
682;beauman;\N;\N;Don Beauman;1928-07-26;British
683;thorne;\N;\N;Leslie Thorne;1916-06-23;British
684;whitehouse;\N;\N;Bill Whitehouse;1909-04-01;British
685;riseley_prichard;\N;\N;John Riseley-Prichard;1924-01-17;British
686;reg_parnell;\N;\N;Reg Parnell;1911-07-02;British
687;whitehead;\N;\N;Peter Whitehead;1914-11-12;British
688;brandon;\N;\N;Eric Brandon;1920-07-18;British
689;alan_brown;\N;\N;Alan Brown;1919-11-20;British
690;nuckey;\N;\N;Rodney Nuckey;1929-06-26;British
691;lang;\N;\N;Hermann Lang;1909-04-06;German
692;helfrich;\N;\N;Theo Helfrich;1913-05-13;German
693;wacker;\N;\N;Fred Wacker;1918-07-10;American
694;riu;\N;\N;Giovanni de Riu;1925-03-10;Italian
695;galvez;\N;\N;Oscar Gálvez;1913-08-17;Argentine
696;john_barber;\N;\N;John Barber;1929-07-22;British
697;bonetto;\N;\N;Felice Bonetto;1903-06-09;Italian
698;cruz;\N;\N;Adolfo Cruz;1923-06-28;Argentine
699;nalon;\N;\N;Duke Nalon;1913-03-02;American
700;scarborough;\N;\N;Carl Scarborough;1914-07-03;American
701;holland;\N;\N;Bill Holland;1907-12-18;American
702;bob_scott;\N;\N;Bob Scott;1928-10-04;American
703;legat;\N;\N;Arthur Legat;1898-11-01;Belgian
704;cabantous;\N;\N;Yves Cabantous;1904-10-08;French
705;crook;\N;\N;Tony Crook;1920-02-16;British
706;jimmy_stewart;\N;\N;Jimmy Stewart;1931-03-06;British
707;ian_stewart;\N;\N;Ian Stewart;1929-07-15;British
708;duncan_hamilton;\N;\N;Duncan Hamilton;1920-04-30;British
709;klodwig;\N;\N;Ernst Klodwig;1903-05-23;East German
710;krause;\N;\N;Rudolf Krause;1907-03-30;East German
711;karch;\N;\N;Oswald Karch;1917-03-06;German
712;heeks;\N;\N;Willi Heeks;1922-02-13;German
713;fitzau;\N;\N;Theo Fitzau;1923-02-10;East German
714;adolff;\N;\N;Kurt Adolff;1921-11-05;German
715;bechem;\N;\N;Günther Bechem;1921-12-21;German
716;bauer;\N;\N;Erwin Bauer;1912-07-17;German
717;hans_stuck;\N;\N;Hans von Stuck;1900-12-27;German
718;loof;\N;\N;Ernst Loof;1907-07-04;German
719;scherrer;\N;\N;Albert Scherrer;1908-02-28;Swiss
720;terra;\N;\N;Max de Terra;1918-10-06;Swiss
721;hirt;\N;\N;Peter Hirt;1910-03-30;Swiss
722;carini;\N;\N;Piero Carini;1921-03-06;Italian
723;fischer;\N;\N;Rudi Fischer;1912-04-19;Swiss
724;ulmen;\N;\N;Toni Ulmen;1906-01-25;German
725;abecassis;\N;\N;George Abecassis;1913-03-21;British
726;george_connor;\N;\N;George Connor;1906-08-16;American
727;rigsby;\N;\N;Jim Rigsby;1923-06-06;American
728;james;\N;\N;Joe James;1925-05-23;American
729;schindler;\N;\N;Bill Schindler;1909-03-06;American
730;fonder;\N;\N;George Fonder;1917-06-22;American
731;banks;\N;\N;Henry Banks;1913-06-14;American
732;mcdowell;\N;\N;Johnny McDowell;1915-01-29;American
733;miller;\N;\N;Chet Miller;1902-07-19;American
734;ball;\N;\N;Bobby Ball;1925-08-26;American
735;tornaco;\N;\N;Charles de Tornaco;1927-06-07;Belgian
736;laurent;\N;\N;Roger Laurent;1913-02-21;Belgian
737;obrien;\N;\N;Robert O'Brien;1908-04-11;American
738;gaze;\N;\N;Tony Gaze;1920-02-03;Australian
739;charrington;\N;\N;Robin Montgomerie-Charrington;1915-06-23;British
740;comotti;\N;\N;Franco Comotti;1906-07-24;Italian
741;etancelin;\N;\N;Philippe Étancelin;1896-12-28;French
742;poore;\N;\N;Dennis Poore;1916-08-19;British
743;thompson;\N;\N;Eric Thompson;1919-11-04;British
744;downing;\N;\N;Ken Downing;1917-12-05;British
745;graham_whitehead;\N;\N;Graham Whitehead;1922-04-15;British
746;bianco;\N;\N;Gino Bianco;1916-07-22;Brazilian
747;murray;\N;\N;David Murray;1909-12-28;British
748;cantoni;\N;\N;Eitel Cantoni;1906-10-04;Uruguayan
749;aston;\N;\N;Bill Aston;1900-03-29;British
750;brudes;\N;\N;Adolf Brudes;1899-10-15;German
751;riess;\N;\N;Fritz Riess;1922-07-11;German
752;niedermayr;\N;\N;Helmut Niedermayr;1915-11-29;German
753;klenk;\N;\N;Hans Klenk;1919-10-28;German
754;balsa;\N;\N;Marcel Balsa;1909-01-01;French
755;schoeller;\N;\N;Rudolf Schoeller;1902-04-27;Swiss
756;pietsch;\N;\N;Paul Pietsch;1911-06-20;German
757;peters;\N;\N;Josef Peters;1914-09-16;German
758;lof;\N;\N;Dries van der Lof;1919-08-23;Dutch
759;flinterman;\N;\N;Jan Flinterman;1919-10-02;Dutch
760;dusio;\N;\N;Piero Dusio;1899-10-13;Italian
761;crespo;\N;\N;Alberto Crespo;1920-01-16;Argentine
762;rol;\N;\N;Franco Rol;1908-06-05;Italian
763;sanesi;\N;\N;Consalvo Sanesi;1911-03-28;Italian
764;guy_mairesse;\N;\N;Guy Mairesse;1910-08-10;French
765;louveau;\N;\N;Henri Louveau;1910-01-25;French
766;wallard;\N;\N;Lee Wallard;1910-09-07;American
767;forberg;\N;\N;Carl Forberg;1911-03-04;American
768;rose;\N;\N;Mauri Rose;1906-05-26;American
769;mackey;\N;\N;Bill Mackey;1927-12-15;American
770;green;\N;\N;Cecil Green;1919-09-30;American
771;walt_brown;\N;\N;Walt Brown;1911-12-30;American
772;hellings;\N;\N;Mack Hellings;1915-09-14;American
773;levegh;\N;\N;Pierre Levegh;1905-12-22;French
774;chaboud;\N;\N;Eugène Chaboud;1907-04-12;French
775;gordini;\N;\N;Aldo Gordini;1921-05-20;French
776;kelly;\N;\N;Joe Kelly;1913-03-13;Irish
777;parker;\N;\N;Philip Fotheringham-Parker;1907-09-22;British
778;shawe_taylor;\N;\N;Brian Shawe Taylor;1915-01-28;British
779;john_james;\N;\N;John James;1914-05-10;British
780;branca;\N;\N;Toni Branca;1916-09-15;Swiss
781;richardson;\N;\N;Ken Richardson;1911-08-21;British
782;jover;\N;\N;Juan Jover;1903-11-23;Spanish
783;grignard;\N;\N;Georges Grignard;1905-07-25;French
784;hampshire;\N;\N;David Hampshire;1917-12-29;British
785;crossley;\N;\N;Geoff Crossley;1921-05-11;British
786;fagioli;\N;\N;Luigi Fagioli;1898-06-09;Italian
787;harrison;\N;\N;Cuth Harrison;1906-07-06;British
788;fry;\N;\N;Joe Fry;1915-10-26;British
789;martin;\N;\N;Eugène Martin;1915-03-24;French
790;leslie_johnson;\N;\N;Leslie Johnson;1912-03-22;British
791;biondetti;\N;\N;Clemente Biondetti;1898-08-18;Italian
792;pian;\N;\N;Alfredo Pián;1912-10-21;Argentine
793;sommer;\N;\N;Raymond Sommer;1906-08-31;French
794;chitwood;\N;\N;Joie Chitwood;1912-04-14;American
795;fohr;\N;\N;Myron Fohr;1912-06-17;American
796;ader;\N;\N;Walt Ader;1913-12-15;American
797;holmes;\N;\N;Jackie Holmes;1920-09-04;American
798;levrett;\N;\N;Bayliss Levrett;1914-02-14;American
799;jackson;\N;\N;Jimmy Jackson;1910-07-25;American
800;pagani;\N;\N;Nello Pagani;1911-10-11;Italian
801;pozzi;\N;\N;Charles Pozzi;1909-08-27;French
802;serafini;\N;\N;Dorino Serafini;1909-07-22;Italian
803;cantrell;\N;\N;Bill Cantrell;1908-01-31;American
804;mantz;\N;\N;Johnny Mantz;1918-09-18;American
805;kladis;\N;\N;Danny Kladis;1917-02-10;American
806;oscar_gonzalez;\N;\N;Óscar González;1923-11-10;Uruguayan
807;hulkenberg;27;HUL;Nico Hülkenberg;1987-08-19;German
808;petrov;\N;PET;Vitaly Petrov;1984-09-08;Russian
810;grassi;\N;DIG;Lucas di Grassi;1984-08-11;Brazilian
811;bruno_senna;\N;SEN;Bruno Senna;1983-10-15;Brazilian
812;chandhok;\N;CHA;Karun Chandhok;1984-01-19;Indian
813;maldonado;13;MAL;Pastor Maldonado;1985-03-09;Venezuelan
814;resta;\N;DIR;Paul di Resta;1986-04-16;British
815;perez;11;PER;Sergio Pérez;1990-01-26;Mexican
816;ambrosio;\N;DAM;Jérôme d'Ambrosio;1985-12-27;Belgian
817;ricciardo;3;RIC;Daniel Ricciardo;1989-07-01;Australian
818;vergne;25;VER;Jean-Éric Vergne;1990-04-25;French
819;pic;\N;PIC;Charles Pic;1990-02-15;French
820;chilton;4;CHI;Max Chilton;1991-04-21;British
821;gutierrez;21;GUT;Esteban Gutiérrez;1991-08-05;Mexican
822;bottas;77;BOT;Valtteri Bottas;1989-08-28;Finnish
823;garde;\N;VDG;Giedo van der Garde;1985-04-25;Dutch
824;jules_bianchi;17;BIA;Jules Bianchi;1989-08-03;French
825;kevin_magnussen;20;MAG;Kevin Magnussen;1992-10-05;Danish
826;kvyat;26;KVY;Daniil Kvyat;1994-04-26;Russian
827;lotterer;45;LOT;André Lotterer;1981-11-19;German
828;ericsson;9;ERI;Marcus Ericsson;1990-09-02;Swedish
829;stevens;28;STE;Will Stevens;1991-06-28;British
830;max_verstappen;33;VER;Max Verstappen;1997-09-30;Dutch
831;nasr;12;NAS;Felipe Nasr;1992-08-21;Brazilian
832;sainz;55;SAI;Carlos Sainz;1994-09-01;Spanish
833;merhi;98;MER;Roberto Merhi;1991-03-22;Spanish
834;rossi;53;RSS;Alexander Rossi;1991-09-25;American
835;jolyon_palmer;30;PAL;Jolyon Palmer;1991-01-20;British
836;wehrlein;94;WEH;Pascal Wehrlein;1994-10-18;German
837;haryanto;88;HAR;Rio Haryanto;1993-01-22;Indonesian
838;vandoorne;2;VAN;Stoffel Vandoorne;1992-03-26;Belgian
839;ocon;31;OCO;Esteban Ocon;1996-09-17;French
840;stroll;18;STR;Lance Stroll;1998-10-29;Canadian
841;giovinazzi;99;GIO;Antonio Giovinazzi;1993-12-14;Italian
843;brendon_hartley;28;HAR;Brendon Hartley;1989-11-10;New Zealander
844;leclerc;16;LEC;Charles Leclerc;1997-10-16;Monegasque
845;sirotkin;35;SIR;Sergey Sirotkin;1995-08-27;Russian
846;norris;4;NOR;Lando Norris;1999-11-13;British
847;russell;63;RUS;George Russell;1998-02-15;British
848;albon;23;ALB;Alexander Albon;1996-03-23;Thai
849;latifi;6;LAT;Nicholas Latifi;1995-06-29;Canadian
850;pietro_fittipaldi;51;FIT;Pietro Fittipaldi;1996-06-25;Brazilian
851;aitken;89;AIT;Jack Aitken;1995-09-23;British
852;tsunoda;22;TSU;Yuki Tsunoda;2000-05-11;Japanese
853;mazepin;9;MAZ;Nikita Mazepin;1999-03-02;Russian
854;mick_schumacher;47;MSC;Mick Schumacher;1999-03-22;German
855;zhou;24;ZHO;Guanyu Zhou;1999-05-30;Chinese
