raceId;round;name
1;1;Australian Grand Prix
2;2;Malaysian Grand Prix
3;3;Chinese Grand Prix
4;4;Bahrain Grand Prix
5;5;Spanish Grand Prix
6;6;Monaco Grand Prix
7;7;Turkish Grand Prix
8;8;British Grand Prix
9;9;German Grand Prix
10;10;Hungarian Grand Prix
11;11;European Grand Prix
12;12;Belgian Grand Prix
13;13;Italian Grand Prix
14;14;Singapore Grand Prix
15;15;Japanese Grand Prix
16;16;Brazilian Grand Prix
17;17;Abu Dhabi Grand Prix
18;1;Australian Grand Prix
19;2;Malaysian Grand Prix
20;3;Bahrain Grand Prix
21;4;Spanish Grand Prix
22;5;Turkish Grand Prix
23;6;Monaco Grand Prix
24;7;Canadian Grand Prix
25;8;French Grand Prix
26;9;British Grand Prix
27;10;German Grand Prix
28;11;Hungarian Grand Prix
29;12;European Grand Prix
30;13;Belgian Grand Prix
31;14;Italian Grand Prix
32;15;Singapore Grand Prix
33;16;Japanese Grand Prix
34;17;Chinese Grand Prix
35;18;Brazilian Grand Prix
36;1;Australian Grand Prix
37;2;Malaysian Grand Prix
38;3;Bahrain Grand Prix
39;4;Spanish Grand Prix
40;5;Monaco Grand Prix
41;6;Canadian Grand Prix
42;7;United States Grand Prix
43;8;French Grand Prix
44;9;British Grand Prix
45;10;European Grand Prix
46;11;Hungarian Grand Prix
47;12;Turkish Grand Prix
48;13;Italian Grand Prix
49;14;Belgian Grand Prix
50;15;Japanese Grand Prix
51;16;Chinese Grand Prix
52;17;Brazilian Grand Prix
53;1;Bahrain Grand Prix
54;2;Malaysian Grand Prix
55;3;Australian Grand Prix
56;4;San Marino Grand Prix
57;5;European Grand Prix
58;6;Spanish Grand Prix
59;7;Monaco Grand Prix
60;8;British Grand Prix
61;9;Canadian Grand Prix
62;10;United States Grand Prix
63;11;French Grand Prix
64;12;German Grand Prix
65;13;Hungarian Grand Prix
66;14;Turkish Grand Prix
67;15;Italian Grand Prix
68;16;Chinese Grand Prix
69;17;Japanese Grand Prix
70;18;Brazilian Grand Prix
71;1;Australian Grand Prix
72;2;Malaysian Grand Prix
73;3;Bahrain Grand Prix
74;4;San Marino Grand Prix
75;5;Spanish Grand Prix
76;6;Monaco Grand Prix
77;7;European Grand Prix
78;8;Canadian Grand Prix
79;9;United States Grand Prix
80;10;French Grand Prix
81;11;British Grand Prix
82;12;German Grand Prix
83;13;Hungarian Grand Prix
84;14;Turkish Grand Prix
85;15;Italian Grand Prix
86;16;Belgian Grand Prix
87;17;Brazilian Grand Prix
88;18;Japanese Grand Prix
89;19;Chinese Grand Prix
90;1;Australian Grand Prix
91;2;Malaysian Grand Prix
92;3;Bahrain Grand Prix
93;4;San Marino Grand Prix
94;5;Spanish Grand Prix
95;6;Monaco Grand Prix
96;7;European Grand Prix
97;8;Canadian Grand Prix
98;9;United States Grand Prix
99;10;French Grand Prix
100;11;British Grand Prix
101;12;German Grand Prix
102;13;Hungarian Grand Prix
103;14;Belgian Grand Prix
104;15;Italian Grand Prix
105;16;Chinese Grand Prix
106;17;Japanese Grand Prix
107;18;Brazilian Grand Prix
108;1;Australian Grand Prix
109;2;Malaysian Grand Prix
110;3;Brazilian Grand Prix
111;4;San Marino Grand Prix
112;5;Spanish Grand Prix
113;6;Austrian Grand Prix
114;7;Monaco Grand Prix
115;8;Canadian Grand Prix
116;9;European Grand Prix
117;10;French Grand Prix
118;11;British Grand Prix
119;12;German Grand Prix
120;13;Hungarian Grand Prix
121;14;Italian Grand Prix
122;15;United States Grand Prix
123;16;Japanese Grand Prix
124;1;Australian Grand Prix
125;2;Malaysian Grand Prix
126;3;Brazilian Grand Prix
127;4;San Marino Grand Prix
128;5;Spanish Grand Prix
129;6;Austrian Grand Prix
130;7;Monaco Grand Prix
131;8;Canadian Grand Prix
132;9;European Grand Prix
133;10;British Grand Prix
134;11;French Grand Prix
135;12;German Grand Prix
136;13;Hungarian Grand Prix
137;14;Belgian Grand Prix
138;15;Italian Grand Prix
139;16;United States Grand Prix
140;17;Japanese Grand Prix
141;1;Australian Grand Prix
142;2;Malaysian Grand Prix
143;3;Brazilian Grand Prix
144;4;San Marino Grand Prix
145;5;Spanish Grand Prix
146;6;Austrian Grand Prix
147;7;Monaco Grand Prix
148;8;Canadian Grand Prix
149;9;European Grand Prix
150;10;French Grand Prix
151;11;British Grand Prix
152;12;German Grand Prix
153;13;Hungarian Grand Prix
154;14;Belgian Grand Prix
155;15;Italian Grand Prix
156;16;United States Grand Prix
157;17;Japanese Grand Prix
158;1;Australian Grand Prix
159;2;Brazilian Grand Prix
160;3;San Marino Grand Prix
161;4;British Grand Prix
162;5;Spanish Grand Prix
163;6;European Grand Prix
164;7;Monaco Grand Prix
165;8;Canadian Grand Prix
166;9;French Grand Prix
167;10;Austrian Grand Prix
168;11;German Grand Prix
169;12;Hungarian Grand Prix
170;13;Belgian Grand Prix
171;14;Italian Grand Prix
172;15;United States Grand Prix
173;16;Japanese Grand Prix
174;17;Malaysian Grand Prix
175;1;Australian Grand Prix
176;2;Brazilian Grand Prix
177;3;San Marino Grand Prix
178;4;Monaco Grand Prix
179;5;Spanish Grand Prix
180;6;Canadian Grand Prix
181;7;French Grand Prix
182;8;British Grand Prix
183;9;Austrian Grand Prix
184;10;German Grand Prix
185;11;Hungarian Grand Prix
186;12;Belgian Grand Prix
187;13;Italian Grand Prix
188;14;European Grand Prix
189;15;Malaysian Grand Prix
190;16;Japanese Grand Prix
191;1;Australian Grand Prix
192;2;Brazilian Grand Prix
193;3;Argentine Grand Prix
194;4;San Marino Grand Prix
195;5;Spanish Grand Prix
196;6;Monaco Grand Prix
197;7;Canadian Grand Prix
198;8;French Grand Prix
199;9;British Grand Prix
200;10;Austrian Grand Prix
201;11;German Grand Prix
202;12;Hungarian Grand Prix
203;13;Belgian Grand Prix
204;14;Italian Grand Prix
205;15;Luxembourg Grand Prix
206;16;Japanese Grand Prix
207;1;Australian Grand Prix
208;2;Brazilian Grand Prix
209;3;Argentine Grand Prix
210;4;San Marino Grand Prix
211;5;Monaco Grand Prix
212;6;Spanish Grand Prix
213;7;Canadian Grand Prix
214;8;French Grand Prix
215;9;British Grand Prix
216;10;German Grand Prix
217;11;Hungarian Grand Prix
218;12;Belgian Grand Prix
219;13;Italian Grand Prix
220;14;Austrian Grand Prix
221;15;Luxembourg Grand Prix
222;16;Japanese Grand Prix
223;17;European Grand Prix
224;1;Australian Grand Prix
225;2;Brazilian Grand Prix
226;3;Argentine Grand Prix
227;4;European Grand Prix
228;5;San Marino Grand Prix
229;6;Monaco Grand Prix
230;7;Spanish Grand Prix
231;8;Canadian Grand Prix
232;9;French Grand Prix
233;10;British Grand Prix
234;11;German Grand Prix
235;12;Hungarian Grand Prix
236;13;Belgian Grand Prix
237;14;Italian Grand Prix
238;15;Portuguese Grand Prix
239;16;Japanese Grand Prix
240;1;Brazilian Grand Prix
241;2;Argentine Grand Prix
242;3;San Marino Grand Prix
243;4;Spanish Grand Prix
244;5;Monaco Grand Prix
245;6;Canadian Grand Prix
246;7;French Grand Prix
247;8;British Grand Prix
248;9;German Grand Prix
249;10;Hungarian Grand Prix
250;11;Belgian Grand Prix
251;12;Italian Grand Prix
252;13;Portuguese Grand Prix
253;14;European Grand Prix
254;15;Pacific Grand Prix
255;16;Japanese Grand Prix
256;17;Australian Grand Prix
257;1;Brazilian Grand Prix
258;2;Pacific Grand Prix
259;3;San Marino Grand Prix
260;4;Monaco Grand Prix
261;5;Spanish Grand Prix
262;6;Canadian Grand Prix
263;7;French Grand Prix
264;8;British Grand Prix
265;9;German Grand Prix
266;10;Hungarian Grand Prix
267;11;Belgian Grand Prix
268;12;Italian Grand Prix
269;13;Portuguese Grand Prix
270;14;European Grand Prix
271;15;Japanese Grand Prix
272;16;Australian Grand Prix
273;1;South African Grand Prix
274;2;Brazilian Grand Prix
275;3;European Grand Prix
276;4;San Marino Grand Prix
277;5;Spanish Grand Prix
278;6;Monaco Grand Prix
279;7;Canadian Grand Prix
280;8;French Grand Prix
281;9;British Grand Prix
282;10;German Grand Prix
283;11;Hungarian Grand Prix
284;12;Belgian Grand Prix
285;13;Italian Grand Prix
286;14;Portuguese Grand Prix
287;15;Japanese Grand Prix
288;16;Australian Grand Prix
289;1;South African Grand Prix
290;2;Mexican Grand Prix
291;3;Brazilian Grand Prix
292;4;Spanish Grand Prix
293;5;San Marino Grand Prix
294;6;Monaco Grand Prix
295;7;Canadian Grand Prix
296;8;French Grand Prix
297;9;British Grand Prix
298;10;German Grand Prix
299;11;Hungarian Grand Prix
300;12;Belgian Grand Prix
301;13;Italian Grand Prix
302;14;Portuguese Grand Prix
303;15;Japanese Grand Prix
304;16;Australian Grand Prix
305;1;United States Grand Prix
306;2;Brazilian Grand Prix
307;3;San Marino Grand Prix
308;4;Monaco Grand Prix
309;5;Canadian Grand Prix
310;6;Mexican Grand Prix
311;7;French Grand Prix
312;8;British Grand Prix
313;9;German Grand Prix
314;10;Hungarian Grand Prix
315;11;Belgian Grand Prix
316;12;Italian Grand Prix
317;13;Portuguese Grand Prix
318;14;Spanish Grand Prix
319;15;Japanese Grand Prix
320;16;Australian Grand Prix
321;1;United States Grand Prix
322;2;Brazilian Grand Prix
323;3;San Marino Grand Prix
324;4;Monaco Grand Prix
325;5;Canadian Grand Prix
326;6;Mexican Grand Prix
327;7;French Grand Prix
328;8;British Grand Prix
329;9;German Grand Prix
330;10;Hungarian Grand Prix
331;11;Belgian Grand Prix
332;12;Italian Grand Prix
333;13;Portuguese Grand Prix
334;14;Spanish Grand Prix
335;15;Japanese Grand Prix
336;16;Australian Grand Prix
337;1;Bahrain Grand Prix
338;2;Australian Grand Prix
339;3;Malaysian Grand Prix
340;4;Chinese Grand Prix
341;5;Spanish Grand Prix
342;6;Monaco Grand Prix
343;7;Turkish Grand Prix
344;8;Canadian Grand Prix
345;9;European Grand Prix
346;10;British Grand Prix
347;11;German Grand Prix
348;12;Hungarian Grand Prix
349;13;Belgian Grand Prix
350;14;Italian Grand Prix
351;15;Singapore Grand Prix
352;16;Japanese Grand Prix
353;17;Korean Grand Prix
354;18;Brazilian Grand Prix
355;19;Abu Dhabi Grand Prix
356;1;Brazilian Grand Prix
357;2;San Marino Grand Prix
358;3;Monaco Grand Prix
359;4;Mexican Grand Prix
360;5;United States Grand Prix
361;6;Canadian Grand Prix
362;7;French Grand Prix
363;8;British Grand Prix
364;9;German Grand Prix
365;10;Hungarian Grand Prix
366;11;Belgian Grand Prix
367;12;Italian Grand Prix
368;13;Portuguese Grand Prix
369;14;Spanish Grand Prix
370;15;Japanese Grand Prix
371;16;Australian Grand Prix
372;1;Brazilian Grand Prix
373;2;San Marino Grand Prix
374;3;Monaco Grand Prix
375;4;Mexican Grand Prix
376;5;Canadian Grand Prix
377;6;Detroit Grand Prix
378;7;French Grand Prix
379;8;British Grand Prix
380;9;German Grand Prix
381;10;Hungarian Grand Prix
382;11;Belgian Grand Prix
383;12;Italian Grand Prix
384;13;Portuguese Grand Prix
385;14;Spanish Grand Prix
386;15;Japanese Grand Prix
387;16;Australian Grand Prix
388;1;Brazilian Grand Prix
389;2;San Marino Grand Prix
390;3;Belgian Grand Prix
391;4;Monaco Grand Prix
392;5;Detroit Grand Prix
393;6;French Grand Prix
394;7;British Grand Prix
395;8;German Grand Prix
396;9;Hungarian Grand Prix
397;10;Austrian Grand Prix
398;11;Italian Grand Prix
399;12;Portuguese Grand Prix
400;13;Spanish Grand Prix
401;14;Mexican Grand Prix
402;15;Japanese Grand Prix
403;16;Australian Grand Prix
404;1;Brazilian Grand Prix
405;2;Spanish Grand Prix
406;3;San Marino Grand Prix
407;4;Monaco Grand Prix
408;5;Belgian Grand Prix
409;6;Canadian Grand Prix
410;7;Detroit Grand Prix
411;8;French Grand Prix
412;9;British Grand Prix
413;10;German Grand Prix
414;11;Hungarian Grand Prix
415;12;Austrian Grand Prix
416;13;Italian Grand Prix
417;14;Portuguese Grand Prix
418;15;Mexican Grand Prix
419;16;Australian Grand Prix
420;1;Brazilian Grand Prix
421;2;Portuguese Grand Prix
422;3;San Marino Grand Prix
423;4;Monaco Grand Prix
424;5;Canadian Grand Prix
425;6;Detroit Grand Prix
426;7;French Grand Prix
427;8;British Grand Prix
428;9;German Grand Prix
429;10;Austrian Grand Prix
430;11;Dutch Grand Prix
431;12;Italian Grand Prix
432;13;Belgian Grand Prix
433;14;European Grand Prix
434;15;South African Grand Prix
435;16;Australian Grand Prix
436;1;Brazilian Grand Prix
437;2;South African Grand Prix
438;3;Belgian Grand Prix
439;4;San Marino Grand Prix
440;5;French Grand Prix
441;6;Monaco Grand Prix
442;7;Canadian Grand Prix
443;8;Detroit Grand Prix
444;9;Dallas Grand Prix
445;10;British Grand Prix
446;11;German Grand Prix
447;12;Austrian Grand Prix
448;13;Dutch Grand Prix
449;14;Italian Grand Prix
450;15;European Grand Prix
451;16;Portuguese Grand Prix
452;1;Brazilian Grand Prix
453;2;United States Grand Prix West
454;3;French Grand Prix
455;4;San Marino Grand Prix
456;5;Monaco Grand Prix
457;6;Belgian Grand Prix
458;7;Detroit Grand Prix
459;8;Canadian Grand Prix
460;9;British Grand Prix
461;10;German Grand Prix
462;11;Austrian Grand Prix
463;12;Dutch Grand Prix
464;13;Italian Grand Prix
465;14;European Grand Prix
466;15;South African Grand Prix
467;1;South African Grand Prix
468;2;Brazilian Grand Prix
469;3;United States Grand Prix West
470;4;San Marino Grand Prix
471;5;Belgian Grand Prix
472;6;Monaco Grand Prix
473;7;Detroit Grand Prix
474;8;Canadian Grand Prix
475;9;Dutch Grand Prix
476;10;British Grand Prix
477;11;French Grand Prix
478;12;German Grand Prix
479;13;Austrian Grand Prix
480;14;Swiss Grand Prix
481;15;Italian Grand Prix
482;16;Caesars Palace Grand Prix
483;1;United States Grand Prix West
484;2;Brazilian Grand Prix
485;3;Argentine Grand Prix
486;4;San Marino Grand Prix
487;5;Belgian Grand Prix
488;6;Monaco Grand Prix
489;7;Spanish Grand Prix
490;8;French Grand Prix
491;9;British Grand Prix
492;10;German Grand Prix
493;11;Austrian Grand Prix
494;12;Dutch Grand Prix
495;13;Italian Grand Prix
496;14;Canadian Grand Prix
497;15;Caesars Palace Grand Prix
498;1;Argentine Grand Prix
499;2;Brazilian Grand Prix
500;3;South African Grand Prix
501;4;United States Grand Prix West
502;5;Belgian Grand Prix
503;6;Monaco Grand Prix
504;7;French Grand Prix
505;8;British Grand Prix
506;9;German Grand Prix
507;10;Austrian Grand Prix
508;11;Dutch Grand Prix
509;12;Italian Grand Prix
510;13;Canadian Grand Prix
511;14;United States Grand Prix
512;1;Argentine Grand Prix
513;2;Brazilian Grand Prix
514;3;South African Grand Prix
515;4;United States Grand Prix West
516;5;Spanish Grand Prix
517;6;Belgian Grand Prix
518;7;Monaco Grand Prix
519;8;French Grand Prix
520;9;British Grand Prix
521;10;German Grand Prix
522;11;Austrian Grand Prix
523;12;Dutch Grand Prix
524;13;Italian Grand Prix
525;14;Canadian Grand Prix
526;15;United States Grand Prix
527;1;Argentine Grand Prix
528;2;Brazilian Grand Prix
529;3;South African Grand Prix
530;4;United States Grand Prix West
531;5;Monaco Grand Prix
532;6;Belgian Grand Prix
533;7;Spanish Grand Prix
534;8;Swedish Grand Prix
535;9;French Grand Prix
536;10;British Grand Prix
537;11;German Grand Prix
538;12;Austrian Grand Prix
539;13;Dutch Grand Prix
540;14;Italian Grand Prix
541;15;United States Grand Prix
542;16;Canadian Grand Prix
543;1;Argentine Grand Prix
544;2;Brazilian Grand Prix
545;3;South African Grand Prix
546;4;United States Grand Prix West
547;5;Spanish Grand Prix
548;6;Monaco Grand Prix
549;7;Belgian Grand Prix
550;8;Swedish Grand Prix
551;9;French Grand Prix
552;10;British Grand Prix
553;11;German Grand Prix
554;12;Austrian Grand Prix
555;13;Dutch Grand Prix
556;14;Italian Grand Prix
557;15;United States Grand Prix
558;16;Canadian Grand Prix
559;17;Japanese Grand Prix
560;1;Brazilian Grand Prix
561;2;South African Grand Prix
562;3;United States Grand Prix West
563;4;Spanish Grand Prix
564;5;Belgian Grand Prix
565;6;Monaco Grand Prix
566;7;Swedish Grand Prix
567;8;French Grand Prix
568;9;British Grand Prix
569;10;German Grand Prix
570;11;Austrian Grand Prix
571;12;Dutch Grand Prix
572;13;Italian Grand Prix
573;14;Canadian Grand Prix
574;15;United States Grand Prix
575;16;Japanese Grand Prix
576;1;Argentine Grand Prix
577;2;Brazilian Grand Prix
578;3;South African Grand Prix
579;4;Spanish Grand Prix
580;5;Monaco Grand Prix
581;6;Belgian Grand Prix
582;7;Swedish Grand Prix
583;8;Dutch Grand Prix
584;9;French Grand Prix
585;10;British Grand Prix
586;11;German Grand Prix
587;12;Austrian Grand Prix
588;13;Italian Grand Prix
589;14;United States Grand Prix
590;1;Argentine Grand Prix
591;2;Brazilian Grand Prix
592;3;South African Grand Prix
593;4;Spanish Grand Prix
594;5;Belgian Grand Prix
595;6;Monaco Grand Prix
596;7;Swedish Grand Prix
597;8;Dutch Grand Prix
598;9;French Grand Prix
599;10;British Grand Prix
600;11;German Grand Prix
601;12;Austrian Grand Prix
602;13;Italian Grand Prix
603;14;Canadian Grand Prix
604;15;United States Grand Prix
605;1;Argentine Grand Prix
606;2;Brazilian Grand Prix
607;3;South African Grand Prix
608;4;Spanish Grand Prix
609;5;Belgian Grand Prix
610;6;Monaco Grand Prix
611;7;Swedish Grand Prix
612;8;French Grand Prix
613;9;British Grand Prix
614;10;Dutch Grand Prix
615;11;German Grand Prix
616;12;Austrian Grand Prix
617;13;Italian Grand Prix
618;14;Canadian Grand Prix
619;15;United States Grand Prix
620;1;Argentine Grand Prix
621;2;South African Grand Prix
622;3;Spanish Grand Prix
623;4;Monaco Grand Prix
624;5;Belgian Grand Prix
625;6;French Grand Prix
626;7;British Grand Prix
627;8;German Grand Prix
628;9;Austrian Grand Prix
629;10;Italian Grand Prix
630;11;Canadian Grand Prix
631;12;United States Grand Prix
632;1;South African Grand Prix
633;2;Spanish Grand Prix
634;3;Monaco Grand Prix
635;4;Dutch Grand Prix
636;5;French Grand Prix
637;6;British Grand Prix
638;7;German Grand Prix
639;8;Austrian Grand Prix
640;9;Italian Grand Prix
641;10;Canadian Grand Prix
642;11;United States Grand Prix
643;1;South African Grand Prix
644;2;Spanish Grand Prix
645;3;Monaco Grand Prix
646;4;Belgian Grand Prix
647;5;Dutch Grand Prix
648;6;French Grand Prix
649;7;British Grand Prix
650;8;German Grand Prix
651;9;Austrian Grand Prix
652;10;Italian Grand Prix
653;11;Canadian Grand Prix
654;12;United States Grand Prix
655;13;Mexican Grand Prix
656;1;South African Grand Prix
657;2;Spanish Grand Prix
658;3;Monaco Grand Prix
659;4;Dutch Grand Prix
660;5;French Grand Prix
661;6;British Grand Prix
662;7;German Grand Prix
663;8;Italian Grand Prix
664;9;Canadian Grand Prix
665;10;United States Grand Prix
666;11;Mexican Grand Prix
667;1;South African Grand Prix
668;2;Spanish Grand Prix
669;3;Monaco Grand Prix
670;4;Belgian Grand Prix
671;5;Dutch Grand Prix
672;6;French Grand Prix
673;7;British Grand Prix
674;8;German Grand Prix
675;9;Italian Grand Prix
676;10;Canadian Grand Prix
677;11;United States Grand Prix
678;12;Mexican Grand Prix
679;1;South African Grand Prix
680;2;Monaco Grand Prix
681;3;Dutch Grand Prix
682;4;Belgian Grand Prix
683;5;French Grand Prix
684;6;British Grand Prix
685;7;German Grand Prix
686;8;Canadian Grand Prix
687;9;Italian Grand Prix
688;10;United States Grand Prix
689;11;Mexican Grand Prix
690;1;Monaco Grand Prix
691;2;Belgian Grand Prix
692;3;French Grand Prix
693;4;British Grand Prix
694;5;Dutch Grand Prix
695;6;German Grand Prix
696;7;Italian Grand Prix
697;8;United States Grand Prix
698;9;Mexican Grand Prix
699;1;South African Grand Prix
700;2;Monaco Grand Prix
701;3;Belgian Grand Prix
702;4;French Grand Prix
703;5;British Grand Prix
704;6;Dutch Grand Prix
705;7;German Grand Prix
706;8;Italian Grand Prix
707;9;United States Grand Prix
708;10;Mexican Grand Prix
709;1;Monaco Grand Prix
710;2;Dutch Grand Prix
711;3;Belgian Grand Prix
712;4;French Grand Prix
713;5;British Grand Prix
714;6;German Grand Prix
715;7;Austrian Grand Prix
716;8;Italian Grand Prix
717;9;United States Grand Prix
718;10;Mexican Grand Prix
719;1;Monaco Grand Prix
720;2;Belgian Grand Prix
721;3;Dutch Grand Prix
722;4;French Grand Prix
723;5;British Grand Prix
724;6;German Grand Prix
725;7;Italian Grand Prix
726;8;United States Grand Prix
727;9;Mexican Grand Prix
728;10;South African Grand Prix
729;1;Dutch Grand Prix
730;2;Monaco Grand Prix
731;3;Belgian Grand Prix
732;4;French Grand Prix
733;5;British Grand Prix
734;6;German Grand Prix
735;7;Italian Grand Prix
736;8;United States Grand Prix
737;9;South African Grand Prix
738;1;Monaco Grand Prix
739;2;Dutch Grand Prix
740;3;Belgian Grand Prix
741;4;French Grand Prix
742;5;British Grand Prix
743;6;German Grand Prix
744;7;Italian Grand Prix
745;8;United States Grand Prix
746;1;Argentine Grand Prix
747;2;Monaco Grand Prix
748;3;Indianapolis 500
749;4;Dutch Grand Prix
750;5;Belgian Grand Prix
751;6;French Grand Prix
752;7;British Grand Prix
753;8;Portuguese Grand Prix
754;9;Italian Grand Prix
755;10;United States Grand Prix
756;1;Monaco Grand Prix
757;2;Indianapolis 500
758;3;Dutch Grand Prix
759;4;French Grand Prix
760;5;British Grand Prix
761;6;German Grand Prix
762;7;Portuguese Grand Prix
763;8;Italian Grand Prix
764;9;United States Grand Prix
765;1;Argentine Grand Prix
766;2;Monaco Grand Prix
767;3;Dutch Grand Prix
768;4;Indianapolis 500
769;5;Belgian Grand Prix
770;6;French Grand Prix
771;7;British Grand Prix
772;8;German Grand Prix
773;9;Portuguese Grand Prix
774;10;Italian Grand Prix
775;11;Moroccan Grand Prix
776;1;Argentine Grand Prix
777;2;Monaco Grand Prix
778;3;Indianapolis 500
779;4;French Grand Prix
780;5;British Grand Prix
781;6;German Grand Prix
782;7;Pescara Grand Prix
783;8;Italian Grand Prix
784;1;Argentine Grand Prix
785;2;Monaco Grand Prix
786;3;Indianapolis 500
787;4;Belgian Grand Prix
788;5;French Grand Prix
789;6;British Grand Prix
790;7;German Grand Prix
791;8;Italian Grand Prix
792;1;Argentine Grand Prix
793;2;Monaco Grand Prix
794;3;Indianapolis 500
795;4;Belgian Grand Prix
796;5;Dutch Grand Prix
797;6;British Grand Prix
798;7;Italian Grand Prix
799;1;Argentine Grand Prix
800;2;Indianapolis 500
801;3;Belgian Grand Prix
802;4;French Grand Prix
803;5;British Grand Prix
804;6;German Grand Prix
805;7;Swiss Grand Prix
806;8;Italian Grand Prix
807;9;Spanish Grand Prix
808;1;Argentine Grand Prix
809;2;Indianapolis 500
810;3;Dutch Grand Prix
811;4;Belgian Grand Prix
812;5;French Grand Prix
813;6;British Grand Prix
814;7;German Grand Prix
815;8;Swiss Grand Prix
816;9;Italian Grand Prix
817;1;Swiss Grand Prix
818;2;Indianapolis 500
819;3;Belgian Grand Prix
820;4;French Grand Prix
821;5;British Grand Prix
822;6;German Grand Prix
823;7;Dutch Grand Prix
824;8;Italian Grand Prix
825;1;Swiss Grand Prix
826;2;Indianapolis 500
827;3;Belgian Grand Prix
828;4;French Grand Prix
829;5;British Grand Prix
830;6;German Grand Prix
831;7;Italian Grand Prix
832;8;Spanish Grand Prix
833;1;British Grand Prix
834;2;Monaco Grand Prix
835;3;Indianapolis 500
836;4;Swiss Grand Prix
837;5;Belgian Grand Prix
838;6;French Grand Prix
839;7;Italian Grand Prix
841;1;Australian Grand Prix
842;2;Malaysian Grand Prix
843;3;Chinese Grand Prix
844;4;Turkish Grand Prix
845;5;Spanish Grand Prix
846;6;Monaco Grand Prix
847;7;Canadian Grand Prix
848;8;European Grand Prix
849;9;British Grand Prix
850;10;German Grand Prix
851;11;Hungarian Grand Prix
852;12;Belgian Grand Prix
853;13;Italian Grand Prix
854;14;Singapore Grand Prix
855;15;Japanese Grand Prix
856;16;Korean Grand Prix
857;17;Indian Grand Prix
858;18;Abu Dhabi Grand Prix
859;19;Brazilian Grand Prix
860;1;Australian Grand Prix
861;2;Malaysian Grand Prix
862;3;Chinese Grand Prix
863;4;Bahrain Grand Prix
864;5;Spanish Grand Prix
865;6;Monaco Grand Prix
866;7;Canadian Grand Prix
867;8;European Grand Prix
868;9;British Grand Prix
869;10;German Grand Prix
870;11;Hungarian Grand Prix
871;12;Belgian Grand Prix
872;13;Italian Grand Prix
873;14;Singapore Grand Prix
874;15;Japanese Grand Prix
875;16;Korean Grand Prix
876;17;Indian Grand Prix
877;18;Abu Dhabi Grand Prix
878;19;United States Grand Prix
879;20;Brazilian Grand Prix
880;1;Australian Grand Prix
881;2;Malaysian Grand Prix
882;3;Chinese Grand Prix
883;4;Bahrain Grand Prix
884;5;Spanish Grand Prix
885;6;Monaco Grand Prix
886;7;Canadian Grand Prix
887;8;British Grand Prix
888;9;German Grand Prix
890;10;Hungarian Grand Prix
891;11;Belgian Grand Prix
892;12;Italian Grand Prix
893;13;Singapore Grand Prix
894;14;Korean Grand Prix
895;15;Japanese Grand Prix
896;16;Indian Grand Prix
897;17;Abu Dhabi Grand Prix
898;18;United States Grand Prix
899;19;Brazilian Grand Prix
900;1;Australian Grand Prix
901;2;Malaysian Grand Prix
902;3;Bahrain Grand Prix
903;4;Chinese Grand Prix
904;5;Spanish Grand Prix
905;6;Monaco Grand Prix
906;7;Canadian Grand Prix
907;8;Austrian Grand Prix
908;9;British Grand Prix
909;10;German Grand Prix
910;11;Hungarian Grand Prix
911;12;Belgian Grand Prix
912;13;Italian Grand Prix
913;14;Singapore Grand Prix
914;15;Japanese Grand Prix
915;16;Russian Grand Prix
916;17;United States Grand Prix
917;18;Brazilian Grand Prix
918;19;Abu Dhabi Grand Prix
931;6;Monaco Grand Prix
932;7;Canadian Grand Prix
929;4;Bahrain Grand Prix
930;5;Spanish Grand Prix
928;3;Chinese Grand Prix
926;1;Australian Grand Prix
927;2;Malaysian Grand Prix
933;8;Austrian Grand Prix
934;9;British Grand Prix
936;10;Hungarian Grand Prix
937;11;Belgian Grand Prix
938;12;Italian Grand Prix
939;13;Singapore Grand Prix
940;14;Japanese Grand Prix
941;15;Russian Grand Prix
942;16;United States Grand Prix
943;17;Mexican Grand Prix
944;18;Brazilian Grand Prix
945;19;Abu Dhabi Grand Prix
948;1;Australian Grand Prix
949;2;Bahrain Grand Prix
950;3;Chinese Grand Prix
951;4;Russian Grand Prix
952;5;Spanish Grand Prix
953;6;Monaco Grand Prix
954;7;Canadian Grand Prix
955;8;European Grand Prix
956;9;Austrian Grand Prix
957;10;British Grand Prix
958;11;Hungarian Grand Prix
959;12;German Grand Prix
960;13;Belgian Grand Prix
961;14;Italian Grand Prix
962;15;Singapore Grand Prix
963;16;Malaysian Grand Prix
964;17;Japanese Grand Prix
965;18;United States Grand Prix
966;19;Mexican Grand Prix
967;20;Brazilian Grand Prix
968;21;Abu Dhabi Grand Prix
969;1;Australian Grand Prix
970;2;Chinese Grand Prix
971;3;Bahrain Grand Prix
972;4;Russian Grand Prix
973;5;Spanish Grand Prix
974;6;Monaco Grand Prix
975;7;Canadian Grand Prix
976;8;Azerbaijan Grand Prix
977;9;Austrian Grand Prix
978;10;British Grand Prix
979;11;Hungarian Grand Prix
980;12;Belgian Grand Prix
981;13;Italian Grand Prix
982;14;Singapore Grand Prix
983;15;Malaysian Grand Prix
984;16;Japanese Grand Prix
985;17;United States Grand Prix
986;18;Mexican Grand Prix
987;19;Brazilian Grand Prix
988;20;Abu Dhabi Grand Prix
989;1;Australian Grand Prix
990;2;Bahrain Grand Prix
991;3;Chinese Grand Prix
992;4;Azerbaijan Grand Prix
993;5;Spanish Grand Prix
994;6;Monaco Grand Prix
995;7;Canadian Grand Prix
996;8;French Grand Prix
997;9;Austrian Grand Prix
998;10;British Grand Prix
999;11;German Grand Prix
1000;12;Hungarian Grand Prix
1001;13;Belgian Grand Prix
1002;14;Italian Grand Prix
1003;15;Singapore Grand Prix
1004;16;Russian Grand Prix
1005;17;Japanese Grand Prix
1006;18;United States Grand Prix
1007;19;Mexican Grand Prix
1008;20;Brazilian Grand Prix
1009;21;Abu Dhabi Grand Prix
1010;1;Australian Grand Prix
1011;2;Bahrain Grand Prix
1012;3;Chinese Grand Prix
1013;4;Azerbaijan Grand Prix
1014;5;Spanish Grand Prix
1015;6;Monaco Grand Prix
1016;7;Canadian Grand Prix
1017;8;French Grand Prix
1018;9;Austrian Grand Prix
1019;10;British Grand Prix
1020;11;German Grand Prix
1021;12;Hungarian Grand Prix
1022;13;Belgian Grand Prix
1023;14;Italian Grand Prix
1024;15;Singapore Grand Prix
1025;16;Russian Grand Prix
1026;17;Japanese Grand Prix
1027;18;Mexican Grand Prix
1028;19;United States Grand Prix
1029;20;Brazilian Grand Prix
1030;21;Abu Dhabi Grand Prix
1031;1;Austrian Grand Prix
1032;2;Styrian Grand Prix
1033;3;Hungarian Grand Prix
1034;4;British Grand Prix
1035;5;70th Anniversary Grand Prix
1036;6;Spanish Grand Prix
1037;7;Belgian Grand Prix
1038;8;Italian Grand Prix
1039;9;Tuscan Grand Prix
1040;10;Russian Grand Prix
1041;11;Eifel Grand Prix
1042;12;Portuguese Grand Prix
1043;13;Emilia Romagna Grand Prix
1044;14;Turkish Grand Prix
1045;15;Bahrain Grand Prix
1046;16;Sakhir Grand Prix
1047;17;Abu Dhabi Grand Prix
1053;2;Emilia Romagna Grand Prix
1074;1;Bahrain Grand Prix
1052;1;Bahrain Grand Prix
1051;20;Qatar Grand Prix
1054;3;Portuguese Grand Prix
1055;4;Spanish Grand Prix
1056;5;Monaco Grand Prix
1057;6;Azerbaijan Grand Prix
1058;8;Styrian Grand Prix
1059;7;French Grand Prix
1060;9;Austrian Grand Prix
1061;10;British Grand Prix
1062;11;Hungarian Grand Prix
1063;12;Belgian Grand Prix
1064;13;Dutch Grand Prix
1065;14;Italian Grand Prix
1066;15;Russian Grand Prix
1067;16;Turkish Grand Prix
1069;17;United States Grand Prix
1070;18;Mexico City Grand Prix
1071;19;S??o Paulo Grand Prix
1072;21;Saudi Arabian Grand Prix
1073;22;Abu Dhabi Grand Prix
1075;2;Saudi Arabian Grand Prix
1076;3;Australian Grand Prix
1077;4;Emilia Romagna Grand Prix
1078;5;Miami Grand Prix
1079;6;Spanish Grand Prix
1080;7;Monaco Grand Prix
1081;8;Azerbaijan Grand Prix
1082;9;Canadian Grand Prix
1083;10;British Grand Prix
1084;11;Austrian Grand Prix
1085;12;French Grand Prix
1086;13;Hungarian Grand Prix
1087;14;Belgian Grand Prix
1088;15;Dutch Grand Prix
1089;16;Italian Grand Prix
1091;17;Singapore Grand Prix
1092;18;Japanese Grand Prix
1093;19;United States Grand Prix
1094;20;Mexico City Grand Prix
1095;21;Brazilian Grand Prix
1096;22;Abu Dhabi Grand Prix
